ablation_family,forecast_week_ahead,forecast_horizon_label,missing_config,model_set,algorithm,split,any_event_f1,high_intensity_f1,any_event_avg_precision,high_intensity_avg_precision,subtype_macro_f1,subtype_weighted_f1,subtype_micro_f1,battle_any_f1,explosions_remote_any_f1,violence_against_civilians_any_f1,air_drone_any_f1,strategic_developments_any_f1,event_count_mae,fatalities_sum_mae,air_drone_strike_count_mae,frac_high_gt_event
direct_week_ahead_missing_modality,1,week_plus_1,full,model1,linear_hierarchical,train,0.7081350304371887,0.6481140754369825,0.7949090278169352,0.7183750994297309,0.580428646546206,0.6228869302989976,0.6211667913238594,0.6024793388429752,0.6567092266923633,0.3956343792633015,0.64794921875,0.5993710691823899,7.6235831056727505,7200.987509917573,7199.55970798244,0.0
direct_week_ahead_missing_modality,1,week_plus_1,full,model1,linear_hierarchical,valid,0.7235079171741778,0.6881443298969072,0.8194419812146111,0.7692734595207068,0.5827397056402235,0.6167759835950146,0.6135542808582961,0.6501901140684411,0.6534653465346535,0.41237113402061853,0.6539278131634819,0.5437441204139228,11.918594061634577,7204.544510043115,7201.650571430708,0.0
direct_week_ahead_missing_modality,1,week_plus_1,full,model1,linear_hierarchical,test,0.7288246881155613,0.6078147612156295,0.8367155687368922,0.6789886416590076,0.5801898673009314,0.6256497743064809,0.6250291307387555,0.5756097560975609,0.6656511805026657,0.3952569169960474,0.6630602782071098,0.6013712047012733,11.244743827994707,7207.901209086631,7200.644437696801,0.0
direct_week_ahead_missing_modality,1,week_plus_1,full,model1,lightgbm_hierarchical,train,0.9466515323496028,0.9809954751131221,0.9898193974634334,0.9986099230511398,0.9239854707475945,0.9310660542913497,0.9303762952190511,0.9418803418803419,0.937708903068976,0.8851590106007067,0.9419047619047619,0.9132743362831859,1.9602731150458994,2.228314675997764,1.3511929926262891,0.0
direct_week_ahead_missing_modality,1,week_plus_1,full,model1,lightgbm_hierarchical,valid,0.8293316028552887,0.8729139922978177,0.9183488920856294,0.9182637927865508,0.7132283255955812,0.7581120464309014,0.755280783101494,0.7542213883677298,0.8042142230026339,0.5120772946859904,0.8025594149908593,0.693069306930693,5.006461374953626,8.36348712736829,3.9712569771875352,0.0
direct_week_ahead_missing_modality,1,week_plus_1,full,model1,lightgbm_hierarchical,test,0.8027027027027027,0.8088642659279779,0.9053251627226412,0.8110348189266561,0.6852487587751462,0.7310782066035231,0.7272727272727273,0.7251732101616628,0.7870461236506379,0.4756756756756757,0.7885597548518897,0.6497890295358649,5.884704613945961,11.532262068274976,4.078741559635018,0.0
direct_week_ahead_missing_modality,1,week_plus_1,full,model1,catboost_hierarchical,train,0.8824593128390597,0.9061224489795918,0.9597457133902578,0.9737206389458126,0.8364303123926842,0.8578945518908633,0.8568506248054432,0.8752573075339646,0.8827708703374778,0.7315247895229187,0.8905374716124148,0.8020611229566453,2.21549820239959,3.1160260311516783,1.6759577337582947,0.0
direct_week_ahead_missing_modality,1,week_plus_1,full,model1,catboost_hierarchical,valid,0.8392056374119155,0.8620236530880421,0.9220448854564701,0.9262711673810581,0.7283824189269895,0.7720950575157577,0.7716976329854925,0.7707129094412332,0.8275276125743416,0.5376344086021505,0.8169991326973114,0.6890380313199105,5.113687029807471,8.410102809501009,3.8633192349278183,0.0
direct_week_ahead_missing_modality,1,week_plus_1,full,model1,catboost_hierarchical,test,0.8048452220726783,0.7988505747126436,0.910034922787674,0.82942946783432,0.6839751868549069,0.7270857403353677,0.7274719254998631,0.7355769230769231,0.7899628252788105,0.48148148148148145,0.7898686679174484,0.6229860365198711,5.8224459788662095,11.463704508823055,3.905209687237938,0.0
direct_week_ahead_missing_modality,1,week_plus_1,full,model1,gru_hierarchical,train,0.849950149551346,0.8268003646308113,0.9362248058219195,0.9337420480038896,0.7305470681289711,0.7817037115836171,0.7770551630561924,0.7686800894854586,0.8288372093023256,0.5104602510460251,0.841743906625472,0.703013884185574,4.7936578289894705,6.339392696346238,3.4962464244857845,0.0
direct_week_ahead_missing_modality,1,week_plus_1,full,model1,gru_hierarchical,valid,0.8336594911937377,0.8664169787765293,0.9200168031651264,0.9104121955165092,0.7074386427014178,0.7418215159891965,0.7324506620034974,0.7741935483870968,0.7996661101836394,0.5595854922279793,0.804490177736202,0.5992578849721707,7.29675919742151,8.902387929548565,5.014175206298593,0.0
direct_week_ahead_missing_modality,1,week_plus_1,full,model1,gru_hierarchical,test,0.8041912246234446,0.8266666666666667,0.9110540710865307,0.8495537510685499,0.6844558336331832,0.7280083068158294,0.7207991803278688,0.7149122807017544,0.7870289219982471,0.49740932642487046,0.8079601990049752,0.6149684400360685,7.564895342159976,13.835751713413867,4.5940751044967705,0.0
direct_week_ahead_missing_modality,1,week_plus_1,full,model1,tcn_hierarchical,train,0.8576470588235294,0.8651574803149606,0.950536538757133,0.949848968769621,0.7664933812856407,0.8024308758999615,0.8010586678429643,0.8359636537541846,0.8436154949784792,0.5845552297165201,0.847962901623054,0.7203696263559662,4.447313998716538,6.058231175690657,3.3708457695854244,0.0
direct_week_ahead_missing_modality,1,week_plus_1,full,model1,tcn_hierarchical,valid,0.8274582560296846,0.825136612021858,0.9128114141163848,0.9077592575045329,0.6915062998010084,0.7411171524768413,0.7397838122857896,0.7421383647798742,0.8069868995633188,0.4838709677419355,0.8100358422939068,0.6144994246260069,7.080122894039238,8.714412555784996,5.06168402957198,0.0
direct_week_ahead_missing_modality,1,week_plus_1,full,model1,tcn_hierarchical,test,0.8131728942368588,0.812760055478502,0.902617030108205,0.8885437707503424,0.651619661296545,0.7099856339345783,0.706706167519526,0.6928746928746928,0.7840290381125227,0.3925233644859813,0.7845719661335842,0.6040992448759439,7.007981775509023,13.714198689345762,4.365667395636621,0.0
direct_week_ahead_missing_modality,1,week_plus_1,drop_ntl,model1,linear_hierarchical,train,0.6786380597014925,0.6494866959983239,0.7871804362473739,0.7055081522351843,0.5777925649540825,0.6208736291136321,0.6228422794986994,0.5973214285714286,0.6582824290334172,0.3975993998499625,0.6606686930091186,0.5750908743064855,7.7062241524820365,7201.067911035484,7199.718032413712,0.0
direct_week_ahead_missing_modality,1,week_plus_1,drop_ntl,model1,linear_hierarchical,valid,0.7413467589679044,0.6752336448598131,0.8225757690916162,0.7627266757362126,0.5966592488235728,0.6237215990361719,0.6233823206843606,0.6748466257668712,0.6520247083047358,0.44912280701754387,0.6578026592022393,0.5494994438264739,10.995597418604195,6936.515851995904,7201.575248322182,0.0
direct_week_ahead_missing_modality,1,week_plus_1,drop_ntl,model1,linear_hierarchical,test,0.6945778997940975,0.6268260292164675,0.8295137790969114,0.6700568873251529,0.566771094548326,0.6122591356695178,0.6159473299195318,0.5575447570332481,0.6606198034769464,0.38961038961038963,0.6610687022900763,0.5650118203309693,10.912214140243783,7208.055774048916,7200.686302690469,0.0
direct_week_ahead_missing_modality,1,week_plus_1,drop_ntl,model1,lightgbm_hierarchical,train,0.9104995374653099,0.9432213209733488,0.9740481281014062,0.9852303939882339,0.8843606503808136,0.8990057446772416,0.8969591500274776,0.95695067264574,0.9131635471003375,0.7775862068965518,0.9184164128866805,0.8556864123747583,2.153900680324927,2.684330235288725,1.6693474382632338,0.0
direct_week_ahead_missing_modality,1,week_plus_1,drop_ntl,model1,lightgbm_hierarchical,valid,0.8177014531043593,0.8474114441416893,0.9148660009402027,0.923305493256743,0.7119556862410137,0.7548295152275141,0.7523510971786834,0.7483296213808464,0.8045178105994787,0.5291005291005291,0.8068902991840435,0.6709401709401709,5.580640027328154,7.615679984704941,4.5579794198033685,0.0
direct_week_ahead_missing_modality,1,week_plus_1,drop_ntl,model1,lightgbm_hierarchical,test,0.7890034364261168,0.7942028985507247,0.9040800859218958,0.8566437843322092,0.67440596925947,0.7243356504444756,0.7202499289974439,0.7191601049868767,0.7859237536656891,0.44680851063829785,0.793939393939394,0.6261980830670927,5.786150446945656,12.102231324015717,4.2095178128539406,0.0
direct_week_ahead_missing_modality,1,week_plus_1,drop_ntl,model1,catboost_hierarchical,train,0.8682475419317525,0.8667366211962224,0.9519994101575892,0.9616687393633264,0.8146338866221156,0.8421972555550995,0.8412662055064364,0.8976660682226212,0.8702130829980629,0.6518046709129511,0.8747622067216233,0.7787234042553192,2.4086478964832336,3.465216934818486,1.9107790487102585,0.0
direct_week_ahead_missing_modality,1,week_plus_1,drop_ntl,model1,catboost_hierarchical,valid,0.8321358589157414,0.8602941176470589,0.9225562249126792,0.9245733130675861,0.7294603731919319,0.7709752948132198,0.7693514644351465,0.7816593886462883,0.8204255319148936,0.5434782608695652,0.8211678832116789,0.6805708013172338,5.381578633126323,7.825070552368653,4.2148963208015235,0.0
direct_week_ahead_missing_modality,1,week_plus_1,drop_ntl,model1,catboost_hierarchical,test,0.7936726272352133,0.8291390728476821,0.9097205748164202,0.8605058913264868,0.6889599339724686,0.7328249805603307,0.7325219360317011,0.7320954907161804,0.7910447761194029,0.49032258064516127,0.8079601990049752,0.6233766233766234,5.752152851718774,11.796641991500845,3.9662409432549617,0.0
direct_week_ahead_missing_modality,1,week_plus_1,drop_ntl,model1,gru_hierarchical,train,0.8400719856028794,0.8298850574712644,0.9314174673441149,0.9257547304942967,0.7312410485598895,0.7799358886502754,0.7704480457578646,0.7913043478260869,0.8323170731707317,0.5077519379844961,0.8395104895104896,0.6853213943076432,5.31006195214307,6.50630741564853,3.8479886114210373,0.0
direct_week_ahead_missing_modality,1,week_plus_1,drop_ntl,model1,gru_hierarchical,valid,0.8367729831144465,0.8677379480840544,0.9182012749054167,0.9030307332235481,0.7204007183967818,0.7546885305069663,0.7407407407407407,0.791578947368421,0.8135904499540864,0.5714285714285714,0.8180112570356473,0.6073943661971831,7.644738962873913,8.978850125781536,5.090731883197814,0.0
direct_week_ahead_missing_modality,1,week_plus_1,drop_ntl,model1,gru_hierarchical,test,0.8184176394293126,0.8283870967741935,0.9126326585305478,0.8409598571896029,0.6957118279601369,0.734507625840832,0.7260914760914761,0.7511111111111111,0.7958214624881291,0.5111111111111111,0.803921568627451,0.616593886462882,7.712724243053547,13.934813183822378,4.520231777938029,0.0
direct_week_ahead_missing_modality,1,week_plus_1,drop_ntl,model1,tcn_hierarchical,train,0.8448296911244049,0.8367738838214114,0.9353362182336138,0.9291753537771532,0.729707402929243,0.7804039720838559,0.7700209244816435,0.784037558685446,0.8335597826086957,0.5017857142857143,0.8398100931950061,0.6893438658713525,5.022222471884667,6.388162818451182,3.7296389730912405,0.0
direct_week_ahead_missing_modality,1,week_plus_1,drop_ntl,model1,tcn_hierarchical,valid,0.8307888040712468,0.8452535760728218,0.9195712866716897,0.8984300417371118,0.7038705565112164,0.7490257836268227,0.7350384901912094,0.7835051546391752,0.8122192273135669,0.5,0.8163265306122449,0.6073018699910953,7.434343769043569,8.928246055490302,5.215400286731081,0.0
direct_week_ahead_missing_modality,1,week_plus_1,drop_ntl,model1,tcn_hierarchical,test,0.8049254698639015,0.8186666666666667,0.8954235660917181,0.836285839013845,0.6573280209088682,0.7139446051606272,0.6990775367738719,0.7083333333333334,0.776536312849162,0.3957597173144876,0.7863414634146342,0.6196692776327241,7.5119590898495465,13.928137403735219,4.798424307836763,0.0
direct_week_ahead_missing_modality,1,week_plus_1,drop_firms,model1,linear_hierarchical,train,0.7027602905569007,0.6301202363969839,0.7751572132563045,0.6973112665141438,0.5544257970244066,0.6024484686263387,0.599830675885424,0.512427124884934,0.6372778297474275,0.393006993006993,0.6320820704126836,0.5973349670699954,7.836916166737671,7201.5605031511595,7199.672865572534,0.0
direct_week_ahead_missing_modality,1,week_plus_1,drop_firms,model1,linear_hierarchical,valid,0.7256538675570395,0.6014319809069213,0.788760613495786,0.6692437336895414,0.5487947237110712,0.5906973046764895,0.5898068228524456,0.5180327868852459,0.6376811594202898,0.4015151515151515,0.6312925170068027,0.5554520037278659,10.12874615127109,7205.494374213963,7200.915835916859,0.0
direct_week_ahead_missing_modality,1,week_plus_1,drop_firms,model1,linear_hierarchical,test,0.7424242424242424,0.5758754863813229,0.8134981035539373,0.6037812646779013,0.5587499786784418,0.6083646819938666,0.6074725274725274,0.5400372439478585,0.6489675516224189,0.3644067796610169,0.6425939572586588,0.5977443609022557,9.985668144231472,7208.624858491726,7200.168947466084,0.0
direct_week_ahead_missing_modality,1,week_plus_1,drop_firms,model1,lightgbm_hierarchical,train,0.9220055710306406,0.9642619311875694,0.9881586907519628,0.9976741049954504,0.9046518194938746,0.9232259555490417,0.9217716553391415,0.9307432432432432,0.936292270531401,0.8100242522231205,0.9298076923076923,0.9163916391639164,2.0482336959991705,2.747642943326244,1.4624894869086011,0.0
direct_week_ahead_missing_modality,1,week_plus_1,drop_firms,model1,lightgbm_hierarchical,valid,0.8277130594727161,0.8614609571788413,0.9204381429327917,0.9094578951051788,0.6969258249231574,0.746739622479565,0.7414297103374967,0.7283950617283951,0.8068283917340521,0.48868778280542985,0.8007626310772163,0.6599552572706935,5.280012732467723,8.444289605339211,4.020695117350534,0.0
direct_week_ahead_missing_modality,1,week_plus_1,drop_firms,model1,lightgbm_hierarchical,test,0.8071065989847716,0.8093922651933702,0.9078093306056296,0.8015546618838849,0.6882567794257295,0.7346034885060639,0.7294250281848929,0.7451923076923077,0.7891156462585034,0.46445497630331756,0.7946336429308566,0.647887323943662,5.830087168479362,11.09271905309102,4.012850751476427,0.0
direct_week_ahead_missing_modality,1,week_plus_1,drop_firms,model1,catboost_hierarchical,train,0.8795512044879551,0.8987818383167221,0.9603800772250475,0.9731318048391393,0.8348192204151894,0.8539051222519137,0.8522583183944733,0.890393567498942,0.880426729885909,0.7284522706209453,0.8849218058424314,0.7899017282277194,2.290942447074698,3.299254163144702,1.716354941092819,0.0
direct_week_ahead_missing_modality,1,week_plus_1,drop_firms,model1,catboost_hierarchical,valid,0.8306911857958148,0.8623376623376623,0.9228570703213714,0.9227206013737382,0.7143679550036274,0.7592997461498596,0.7576145380087024,0.7429805615550756,0.8184991273996509,0.5333333333333333,0.8167092924126172,0.6603174603174603,5.430854406469289,8.083126912662609,3.9341378869421204,0.0
direct_week_ahead_missing_modality,1,week_plus_1,drop_firms,model1,catboost_hierarchical,test,0.8114807566862361,0.8066759388038943,0.9101114711316823,0.8431061043163736,0.69214460679825,0.7362009189466419,0.7357007319056655,0.7525773195876289,0.7947761194029851,0.47619047619047616,0.7904849039341263,0.6466942148760331,5.804252885366058,10.953486923722215,3.9233754200935547,0.0
direct_week_ahead_missing_modality,1,week_plus_1,drop_firms,model1,gru_hierarchical,train,0.8416578108395324,0.8409144473250059,0.9367830866481732,0.9336669216263915,0.7421517609203165,0.7872496824601628,0.7865656565656566,0.8151950718685832,0.8328831870357867,0.5203969128996693,0.8386780104712042,0.7036056223263394,4.876702899572693,6.18542018151789,3.621262158282181,0.0
direct_week_ahead_missing_modality,1,week_plus_1,drop_firms,model1,gru_hierarchical,valid,0.8233875828812538,0.8589420654911839,0.916613784614909,0.9193466056243721,0.7035717534417655,0.7468825445444163,0.7445523759516933,0.7194570135746606,0.8184281842818428,0.5510204081632653,0.817717206132879,0.6112359550561798,7.456733849838914,8.820491361508351,5.071666985321539,0.0
direct_week_ahead_missing_modality,1,week_plus_1,drop_firms,model1,gru_hierarchical,test,0.812221514958625,0.8221024258760108,0.9102065186989474,0.8711161057099251,0.6894753525259312,0.7320459507239351,0.7330342120022434,0.7146666666666667,0.8099808061420346,0.5149700598802395,0.8084326306141155,0.5993265993265994,7.461200250922286,13.763341688520367,4.582562334522554,0.0
direct_week_ahead_missing_modality,1,week_plus_1,drop_firms,model1,tcn_hierarchical,train,0.8547445255474453,0.8476374156219865,0.9438042220793377,0.9427750049310354,0.7309718005767976,0.7782152257630621,0.7746670290839902,0.7761717038983793,0.8273745588460948,0.5218340611353712,0.8315688161693936,0.6979098628347485,4.453327098176785,6.069554292180452,3.250584594217669,0.0
direct_week_ahead_missing_modality,1,week_plus_1,drop_firms,model1,tcn_hierarchical,valid,0.8303341902313625,0.859375,0.9177029128831325,0.9245100942762116,0.719379396603555,0.7536102156480454,0.7464414957780459,0.7679324894514767,0.8125,0.5837837837837838,0.817717206132879,0.614963503649635,6.901541294461691,8.651988809157563,4.760010529952187,0.0
direct_week_ahead_missing_modality,1,week_plus_1,drop_firms,model1,tcn_hierarchical,test,0.8127068166776968,0.8277777777777777,0.9079151415556892,0.8919716498087775,0.7023749603094477,0.739263227231507,0.7363889592301849,0.7917620137299771,0.7993019197207679,0.5,0.7985480943738656,0.6222627737226277,6.82895578214761,13.559988711304127,4.199001551607388,0.0
direct_week_ahead_missing_modality,1,week_plus_1,drop_ntl_firms,model1,linear_hierarchical,train,0.6930222510261396,0.6452494873547505,0.7697743230154164,0.6845293489497973,0.566291666088113,0.6142211976086289,0.6128201354136003,0.5201238390092879,0.6495321568162975,0.4129287598944591,0.6592818015824711,0.5895917731380492,7.913919749798821,7201.629591362053,7199.83652837048,0.0
direct_week_ahead_missing_modality,1,week_plus_1,drop_ntl_firms,model1,linear_hierarchical,valid,0.7244389027431422,0.6091644204851752,0.7934914583370318,0.6625110644714508,0.5778543420633759,0.6126954046391595,0.6124298662063012,0.5644171779141104,0.6461538461538462,0.45185185185185184,0.6595135908440629,0.5673352435530086,10.129870474368222,7204.874557209003,7200.927577621079,0.0
direct_week_ahead_missing_modality,1,week_plus_1,drop_ntl_firms,model1,linear_hierarchical,test,0.7219701879455606,0.5619596541786743,0.8061608288206477,0.5974574755053699,0.5771677615645797,0.6198027325921254,0.6195952161913524,0.5534883720930233,0.6531531531531531,0.41767068273092367,0.661526599845798,0.6,10.065983158350788,7208.7022906107695,7200.27789601442,0.0
direct_week_ahead_missing_modality,1,week_plus_1,drop_ntl_firms,model1,lightgbm_hierarchical,train,0.8453087233575038,0.8475247524752475,0.9366237098909864,0.9341491820647859,0.7269724862687831,0.7817569458155464,0.7756489493201484,0.7317806160781367,0.8299298519095869,0.5152671755725191,0.8418196328810854,0.716065154902587,2.8548657383605875,4.769623698817632,2.3796062523438253,0.0
direct_week_ahead_missing_modality,1,week_plus_1,drop_ntl_firms,model1,lightgbm_hierarchical,valid,0.8339670468948035,0.875,0.920483074315358,0.9334504201001897,0.7341596129305437,0.7655289108814226,0.7597938144329897,0.8007968127490039,0.8021978021978022,0.5833333333333334,0.8145386766076421,0.6699314397649363,5.577584056385324,8.02918515411923,4.632840809826734,0.0
direct_week_ahead_missing_modality,1,week_plus_1,drop_ntl_firms,model1,lightgbm_hierarchical,test,0.8215931533903884,0.8133704735376045,0.9129420191101211,0.8934700160503857,0.7235405742192969,0.7559856892266775,0.7535596933187295,0.8280542986425339,0.7823529411764706,0.519774011299435,0.8064192577733199,0.6811023622047244,5.891070037609824,11.763559621829422,4.281812712223507,0.0
direct_week_ahead_missing_modality,1,week_plus_1,drop_ntl_firms,model1,catboost_hierarchical,train,0.8431626701231367,0.8475247524752475,0.9366237098909864,0.9341915909449217,0.7269184800317012,0.7821118832733938,0.7762267705746339,0.7317806160781367,0.8365167694390134,0.5152671755725191,0.8410524696107093,0.7099753694581281,2.844199489034934,4.704509042904597,2.396148717862679,0.0
direct_week_ahead_missing_modality,1,week_plus_1,drop_ntl_firms,model1,catboost_hierarchical,valid,0.8316708229426434,0.875,0.9230841451371862,0.9306821720734857,0.7362423500209919,0.7700846291148389,0.7630723042281712,0.8007968127490039,0.8258178603006189,0.5833333333333334,0.8165467625899281,0.6547169811320754,5.559464191551087,7.9797482244251565,4.626818221316197,0.0
direct_week_ahead_missing_modality,1,week_plus_1,drop_ntl_firms,model1,catboost_hierarchical,test,0.8165910563836681,0.8133704735376045,0.9118732355802575,0.8786442591230594,0.727016928562237,0.761722092323861,0.7585106382978724,0.8280542986425339,0.8049242424242424,0.519774011299435,0.8112294288480155,0.6711026615969582,5.881895611213273,11.724881159236958,4.270097573810411,0.0
direct_week_ahead_missing_modality,1,week_plus_1,drop_ntl_firms,model1,gru_hierarchical,train,0.8430232558139535,0.8388603456328818,0.9339203868634877,0.9297897768872301,0.73125149892658,0.7834722742455437,0.7799185619227331,0.7587143503847895,0.8301641475702909,0.5104602510460251,0.8306744017403916,0.7262443438914027,4.484130553022777,6.084319939102562,3.2613202898781077,0.0
direct_week_ahead_missing_modality,1,week_plus_1,drop_ntl_firms,model1,gru_hierarchical,valid,0.8447284345047923,0.8690176322418136,0.9264534592382212,0.9202458663491879,0.7319864510917969,0.7653869548411659,0.760593220338983,0.7904967602591793,0.8164335664335665,0.5833333333333334,0.8143133462282398,0.6553552492046659,6.838326519238292,8.577683385403725,4.845929270445517,0.0
direct_week_ahead_missing_modality,1,week_plus_1,drop_ntl_firms,model1,gru_hierarchical,test,0.822826808228268,0.8328840970350404,0.915671763921623,0.8762395933749108,0.7167234878033555,0.7509587517845687,0.7480314960629921,0.812807881773399,0.799625468164794,0.519774011299435,0.8158168574401665,0.635593220338983,6.92850683970606,13.571360044981738,4.315362052173388,0.0
direct_week_ahead_missing_modality,1,week_plus_1,drop_ntl_firms,model1,tcn_hierarchical,train,0.837301126466148,0.8295189163942083,0.9330098118394565,0.9287067546643984,0.724758863905424,0.7761929461665883,0.7752147926783713,0.7535087719298246,0.8294062205466541,0.5084745762711864,0.8222361809045227,0.710168569874932,4.4381639359473155,6.056455755016524,3.3416382822813078,0.0
direct_week_ahead_missing_modality,1,week_plus_1,drop_ntl_firms,model1,tcn_hierarchical,valid,0.8355828220858895,0.871536523929471,0.919641925752333,0.9245580573991087,0.72713931783665,0.7617744330481104,0.7581047381546134,0.8235294117647058,0.819949281487743,0.5586592178770949,0.8184873949579832,0.615071283095723,6.594092043817576,8.495360564695384,4.921591139925332,0.0
direct_week_ahead_missing_modality,1,week_plus_1,drop_ntl_firms,model1,tcn_hierarchical,test,0.8296107211231653,0.8301886792452831,0.9112560296923107,0.8884320565906635,0.7123886157814008,0.7419533894685575,0.7417815482502651,0.84688995215311,0.802536231884058,0.509090909090909,0.7891402714932126,0.6142857142857143,6.621843255696035,13.50074577498246,4.423815257809689,0.0
direct_week_ahead_missing_modality,1,week_plus_1,drop_unosat,model1,linear_hierarchical,train,0.6938169477144979,0.556390977443609,0.7474998779367662,0.601612548292941,0.548620375367644,0.5886361150624565,0.5879826709361462,0.5637931034482758,0.6094527363184079,0.37375178316690444,0.6094557990642698,0.586648454840362,8.19347738319458,2453.6527304484785,6.091378174426816,0.0
direct_week_ahead_missing_modality,1,week_plus_1,drop_unosat,model1,linear_hierarchical,valid,0.7137073452862926,0.6379084967320261,0.7940331077162008,0.7006675425730732,0.5603011503144362,0.5913522203096013,0.5897489981016664,0.623574144486692,0.6247518199867638,0.4028268551236749,0.6231155778894473,0.5272373540856031,14.454494844048066,1706.958885535382,8.62142904051797,0.0
direct_week_ahead_missing_modality,1,week_plus_1,drop_unosat,model1,linear_hierarchical,test,0.7233502538071066,0.5166402535657686,0.799294601423636,0.5941260939342737,0.5481326247268392,0.5919419259078279,0.5931487564523698,0.5115089514066496,0.6233023588277341,0.3900414937759336,0.6247086247086248,0.5911016949152542,13.446734261495513,1959.1981574281667,7.403970348185114,0.0
direct_week_ahead_missing_modality,1,week_plus_1,drop_unosat,model1,lightgbm_hierarchical,train,0.9471863468634686,0.981234456251413,0.9899733996540272,0.998467345805467,0.9307090634128491,0.9281335321515155,0.928470853280766,0.9658194566170026,0.9252855819697438,0.9129239230064161,0.9185402411208863,0.9309761143501974,1.9684578536879085,2.242794171914265,1.3648582612443383,0.0
direct_week_ahead_missing_modality,1,week_plus_1,drop_unosat,model1,lightgbm_hierarchical,valid,0.8194993412384717,0.8553137003841229,0.9150720284448955,0.898475987780827,0.7166578886241648,0.7563472292144903,0.7553162853297443,0.7683168316831683,0.7939609236234458,0.53125,0.8015122873345936,0.6882494004796164,5.099195808883653,8.301632665615418,3.956456350941354,0.0
direct_week_ahead_missing_modality,1,week_plus_1,drop_unosat,model1,lightgbm_hierarchical,test,0.7928423950447351,0.7921896792189679,0.9057828138299736,0.7991113899738683,0.6796466911349686,0.7244538409625654,0.7219455024904776,0.7371007371007371,0.782,0.46511627906976744,0.7932489451476793,0.6207674943566591,5.957745458831944,11.57915369570122,4.066307186072191,0.0
direct_week_ahead_missing_modality,1,week_plus_1,drop_unosat,model1,catboost_hierarchical,train,0.8846893742220211,0.9096700796359499,0.9600486927941148,0.9742852437560855,0.8385624172178712,0.8604406474009844,0.8590438864330311,0.8783505154639175,0.8849343990348364,0.7299912049252418,0.8896247240618101,0.8099112426035503,2.2037711686746055,3.1398550070144275,1.6788318839752276,0.0
direct_week_ahead_missing_modality,1,week_plus_1,drop_unosat,model1,catboost_hierarchical,valid,0.8358974358974359,0.871927554980595,0.922807905862641,0.916632516057715,0.7277193959226546,0.7706848301346017,0.7694314032342201,0.7628458498023716,0.8213058419243986,0.5445544554455446,0.8205590622182146,0.6893317702227433,5.227205821182732,8.12839449553822,3.987547275058353,0.0
direct_week_ahead_missing_modality,1,week_plus_1,drop_unosat,model1,catboost_hierarchical,test,0.7983816587997303,0.8011363636363636,0.9090126433921628,0.8093747465108506,0.6874627092351504,0.7266803751139328,0.7255343082114736,0.7428571428571429,0.7909176915799432,0.5027932960893855,0.8011928429423459,0.5995525727069351,6.032949420537076,11.724093560892296,4.016702360910463,0.0
direct_week_ahead_missing_modality,1,week_plus_1,drop_unosat,model1,gru_hierarchical,train,0.8569037656903765,0.8447571493418067,0.9466572337812056,0.9470232252747797,0.7595281881923676,0.7999738429943019,0.7920435709211461,0.8382573860791187,0.844597927972373,0.5533807829181495,0.8498727735368957,0.7115320704553008,4.177492158793275,5.8716765713417365,3.152459223519209,0.0
direct_week_ahead_missing_modality,1,week_plus_1,drop_unosat,model1,gru_hierarchical,valid,0.835096453018046,0.8564476885644768,0.9198734086850116,0.912945427198828,0.6992004952245606,0.7468273706196534,0.7318858258111735,0.7811158798283262,0.8097731239092496,0.48028673835125446,0.8115419296663661,0.6132848043676069,6.7508113609559315,8.256320002465577,5.5261436101391554,0.0
direct_week_ahead_missing_modality,1,week_plus_1,drop_unosat,model1,gru_hierarchical,test,0.7965580823601721,0.8137755102040817,0.8974936731303523,0.8561040685096876,0.6586019158759415,0.7188783541696209,0.7080808080808081,0.6936708860759494,0.7963800904977375,0.39662447257383965,0.7958993476234856,0.6104347826086957,7.25024878798829,13.591041770304168,4.784420685002647,0.0
direct_week_ahead_missing_modality,1,week_plus_1,drop_unosat,model1,tcn_hierarchical,train,0.8472524812394093,0.8124320799826125,0.9351558257104734,0.9286583309056943,0.72418498694816,0.7737838118088465,0.7684397494624661,0.7496779733791327,0.8252583979328165,0.5211122554067971,0.8316599732262383,0.693216334795815,5.689904413548019,6.594018268366292,4.100529072865019,0.0
direct_week_ahead_missing_modality,1,week_plus_1,drop_unosat,model1,tcn_hierarchical,valid,0.8244372990353698,0.8392638036809816,0.9087977805948215,0.8810716119909826,0.7064641213031007,0.7385719903160657,0.7313850063532401,0.7589098532494759,0.7929515418502202,0.5729166666666666,0.7945454545454546,0.6129970902036858,8.43259916669701,9.16272311833533,5.647552061678935,0.0
direct_week_ahead_missing_modality,1,week_plus_1,drop_unosat,model1,tcn_hierarchical,test,0.8103896103896104,0.8159203980099502,0.9096589474047752,0.8358703887404586,0.6735527939435799,0.7209971124159722,0.7153015538583092,0.7158836689038032,0.7899628252788105,0.46153846153846156,0.7934044616876819,0.6069745523091423,8.17814453333094,14.107468521554523,4.87883966729741,0.0
direct_week_ahead_missing_modality,1,week_plus_1,full,model2,linear_hierarchical,train,0.83576803895529,0.8529411764705882,0.9280887032470203,0.9357615649990783,0.7147496487895467,0.7702031960384896,0.7650655795817086,0.7948839412600663,0.821584247707801,0.44617092119866814,0.8284023668639053,0.6827067669172933,3.6957499442234125,102.37536536333079,7196.913293549015,0.0
direct_week_ahead_missing_modality,1,week_plus_1,full,model2,linear_hierarchical,valid,0.8479495268138801,0.8810810810810811,0.9333542395483011,0.9526924901619178,0.7045064076093009,0.7471483279111302,0.7387251196775007,0.7841409691629956,0.7975778546712803,0.5,0.8014842300556586,0.6393289841565704,29.99534309294885,144.8692669775341,7219.758489057705,0.0
direct_week_ahead_missing_modality,1,week_plus_1,full,model2,linear_hierarchical,test,0.8215403882279274,0.8657534246575342,0.9237484685986748,0.9470715080841023,0.7029882474107697,0.7345578705647958,0.7285750831414685,0.8258706467661692,0.7763041556145004,0.49473684210526314,0.7867298578199052,0.6312997347480106,78.8942210909683,1165.8481371924206,7275.746984522732,0.0
direct_week_ahead_missing_modality,1,week_plus_1,full,model2,lightgbm_hierarchical,train,0.9584538826524708,0.9836518535574488,0.9937464948379472,0.9995528695200386,0.9610151781314107,0.9630063468118091,0.9628550619082301,0.9773835920177384,0.9689532820816085,0.9448669201520913,0.9713051527306387,0.942566943674977,1.5612142013905133,1.995105529404438,1.1139422023725463,0.0
direct_week_ahead_missing_modality,1,week_plus_1,full,model2,lightgbm_hierarchical,valid,0.8531928900592495,0.8758526603001364,0.936268520368835,0.9503267086292742,0.748547647686997,0.7887752178938554,0.7895822588963384,0.8109243697478992,0.827930174563591,0.5483870967741935,0.8197573656845754,0.7357392316647264,2.9507924744985727,5.908625097051974,2.2235902030899233,0.0
direct_week_ahead_missing_modality,1,week_plus_1,full,model2,lightgbm_hierarchical,test,0.8120805369127517,0.8519040902679831,0.925689187902504,0.9403415263842627,0.7021994963794309,0.7508470899817118,0.751753912574204,0.836027713625866,0.7878787878787878,0.4069767441860465,0.8015051740357478,0.678609062170706,3.671482915731354,7.871073022856058,2.2857918891546283,0.0
direct_week_ahead_missing_modality,1,week_plus_1,full,model2,catboost_hierarchical,train,0.8840562856146064,0.9210586881472957,0.9607996554370686,0.97734176816838,0.8504168740990368,0.8699199791684501,0.8689470525781287,0.922237380627558,0.8891871737509321,0.726643598615917,0.8967661691542289,0.817250048346548,1.7522705401734364,2.6034579040296353,1.3031251423372117,0.0
direct_week_ahead_missing_modality,1,week_plus_1,full,model2,catboost_hierarchical,valid,0.8552803129074316,0.8862433862433863,0.9390006795051177,0.9557788363282658,0.7526521521624765,0.7926056093668538,0.7923739879864194,0.8296943231441049,0.8260869565217391,0.5463414634146342,0.8314410480349345,0.7296969696969697,3.1894831083983815,7.825914774319714,2.5089169847507358,0.0
direct_week_ahead_missing_modality,1,week_plus_1,full,model2,catboost_hierarchical,test,0.8256041802743305,0.8642659279778393,0.9273094148379996,0.9461422756448087,0.7251916261402814,0.7568889863598542,0.756786102062975,0.85,0.7946428571428571,0.5133689839572193,0.806390977443609,0.6615553121577218,3.7693835960496083,7.939165054999578,2.461456057731673,0.0
direct_week_ahead_missing_modality,1,week_plus_1,full,model2,gru_hierarchical,train,0.8433793270394577,0.8568527918781725,0.9377871295300262,0.9410070005616645,0.7300611046835646,0.7866957268670504,0.7881579628383624,0.8114794656110836,0.8349610991557689,0.4534313725490196,0.8425223983459683,0.7079111877559819,3.575873625260005,5.8029915530112826,2.746432206163284,0.0
direct_week_ahead_missing_modality,1,week_plus_1,full,model2,gru_hierarchical,valid,0.8477842003853564,0.8809523809523809,0.9335587467261863,0.9512266148634039,0.7294336658016861,0.7664707011259783,0.7668282175551966,0.8322440087145969,0.8160418482999128,0.5371428571428571,0.8159564823209429,0.6457831325301204,5.69291316637925,8.24714489481145,3.982127686144378,0.0
direct_week_ahead_missing_modality,1,week_plus_1,full,model2,gru_hierarchical,test,0.8150943396226416,0.8699186991869918,0.9208164757330853,0.9425322693908368,0.6979801585646019,0.7358242739415247,0.7379385964912281,0.829736211031175,0.7859712230215827,0.4588235294117647,0.7958412098298677,0.6195286195286195,5.39502571766238,12.962333722613872,3.4155942387572904,0.0
direct_week_ahead_missing_modality,1,week_plus_1,full,model2,tcn_hierarchical,train,0.852233676975945,0.8545780969479354,0.9409112529931845,0.9423638459462339,0.7272653527250338,0.7865382565723104,0.7871670581180351,0.793168880455408,0.8344519015659956,0.449438202247191,0.8397579948141746,0.7195097845423997,3.560121157555602,5.9330482054815255,2.8152774391880224,0.0
direct_week_ahead_missing_modality,1,week_plus_1,full,model2,tcn_hierarchical,valid,0.8487928843710292,0.8646408839779005,0.9351794510093443,0.9467295782225218,0.7223188040591676,0.7604088098860141,0.7588506926629041,0.7983367983367984,0.8013245033112583,0.5319148936170213,0.8032936870997255,0.6767241379310345,5.945626008368874,8.34604058138547,4.27701745765295,0.0
direct_week_ahead_missing_modality,1,week_plus_1,full,model2,tcn_hierarchical,test,0.8233058898036733,0.850415512465374,0.9222117725134994,0.9366661823310337,0.6919988475784887,0.7379491139344599,0.7360928025309781,0.7981220657276995,0.7755458515283843,0.42857142857142855,0.7877041306436119,0.6700507614213198,5.0093283010848975,12.789121050948467,3.2505721167082404,0.0
direct_week_ahead_missing_modality,1,week_plus_1,drop_ntl,model2,linear_hierarchical,train,0.8385036496350365,0.8542007956938918,0.9274650171221005,0.9345181701617635,0.7232442526722254,0.7745698291315003,0.7684003925417076,0.7918968692449355,0.8176847367598813,0.47761194029850745,0.8303405572755418,0.6986871597822606,3.7096345410063467,4.455184268128107,7196.933488645769,0.0
direct_week_ahead_missing_modality,1,week_plus_1,drop_ntl,model2,linear_hierarchical,valid,0.8530927835051546,0.8844086021505376,0.9335949008371,0.9535862899288792,0.7062848049533764,0.7505090539419668,0.741927409261577,0.7855626326963907,0.8,0.4939271255060729,0.8056288478452067,0.6463054187192119,31.16625941293664,6.0707150803157255,7220.547589708839,0.0
direct_week_ahead_missing_modality,1,week_plus_1,drop_ntl,model2,linear_hierarchical,test,0.8242894056847545,0.8724279835390947,0.9230959160998204,0.9474843747991801,0.7001227519784614,0.7345021806109618,0.7290969899665551,0.8218527315914489,0.7747914735866543,0.4792626728110599,0.7854545454545454,0.6392523364485981,82.51215091674946,22.815410786479788,7280.764141416982,0.0
direct_week_ahead_missing_modality,1,week_plus_1,drop_ntl,model2,lightgbm_hierarchical,train,0.9289947704822777,0.9595888811025461,0.9806024689852315,0.9935685937956468,0.9059376715502216,0.9217124567750045,0.9197900359149093,0.9816061013907582,0.9322916666666666,0.7896857373086221,0.937788385043755,0.8883164673413063,1.670081201447899,2.264676369511359,1.2500395366167123,0.0
direct_week_ahead_missing_modality,1,week_plus_1,drop_ntl,model2,lightgbm_hierarchical,valid,0.8440366972477065,0.8662952646239555,0.9352567657164098,0.9508008864690074,0.7431595130566536,0.7832026156049131,0.7810526315789473,0.8172043010752689,0.8208695652173913,0.5420560747663551,0.8255395683453237,0.710128055878929,2.893626558208819,5.0374756624838755,2.1958217205296586,0.0
direct_week_ahead_missing_modality,1,week_plus_1,drop_ntl,model2,lightgbm_hierarchical,test,0.8117099135063207,0.8587896253602305,0.9214027781842122,0.9446149526459428,0.7019073739928444,0.7441348150158854,0.7405167674546455,0.8257756563245824,0.7886255924170616,0.4444444444444444,0.7924901185770751,0.6582010582010582,3.5644860401934713,7.583254692417848,2.1484694683408248,0.0
direct_week_ahead_missing_modality,1,week_plus_1,drop_ntl,model2,catboost_hierarchical,train,0.8769767441860465,0.8975093674234076,0.9549854976760646,0.9692996246787022,0.8271152024833702,0.8544353937147563,0.8549389930344538,0.8980716253443526,0.8768127003510915,0.6723768736616702,0.8880061115355233,0.8003087015242137,1.8065772428140492,2.715338831195104,1.4038606456403786,0.0
direct_week_ahead_missing_modality,1,week_plus_1,drop_ntl,model2,catboost_hierarchical,valid,0.8562091503267973,0.8805194805194805,0.9392001489962719,0.957206856710473,0.751915330739455,0.792565904097831,0.7934408886537953,0.8243243243243243,0.8324697754749568,0.5483870967741935,0.8317677198975235,0.7226277372262774,3.3687283308632705,5.309415804708746,2.5970663330795696,0.0
direct_week_ahead_missing_modality,1,week_plus_1,drop_ntl,model2,catboost_hierarchical,test,0.8249180327868852,0.8613728129205922,0.927444691062979,0.946788171688496,0.719017730531278,0.7554665884148808,0.7572922399559714,0.8312958435207825,0.7959183673469388,0.49382716049382713,0.7985212569316081,0.6755260243632336,3.775816129334534,8.254788968323576,2.236142666791728,0.0
direct_week_ahead_missing_modality,1,week_plus_1,drop_ntl,model2,gru_hierarchical,train,0.8445805266380894,0.8493683187560739,0.9375831180505065,0.9436417795813197,0.7475094156545586,0.7940124466745763,0.792284283891234,0.8440643863179075,0.8356743949906922,0.49724972497249725,0.8321588725176169,0.7283996994740797,3.212369333341063,5.635224396074983,2.435631388752147,0.0
direct_week_ahead_missing_modality,1,week_plus_1,drop_ntl,model2,gru_hierarchical,valid,0.8368794326241135,0.8848167539267016,0.9312122928987397,0.9560087415862292,0.739003270819141,0.7693526562882089,0.7661742231278655,0.831858407079646,0.8071428571428572,0.574468085106383,0.808688387635756,0.672858617131063,5.247669426836478,8.040044891448323,3.651474122331898,0.0
direct_week_ahead_missing_modality,1,week_plus_1,drop_ntl,model2,gru_hierarchical,test,0.8197969543147208,0.8758526603001364,0.9202525311801864,0.9455228775986357,0.7129667121718489,0.7433975251779305,0.740990407052113,0.8402948402948403,0.7884436160298229,0.5026178010471204,0.7713546160483176,0.6621226874391432,5.047903828584194,12.765324398612565,3.20364820168254,0.0
direct_week_ahead_missing_modality,1,week_plus_1,drop_ntl,model2,tcn_hierarchical,train,0.8538824113123294,0.859074362974519,0.9415731570873715,0.9456572527007114,0.743353761377658,0.7959469773276135,0.7958347727384889,0.8133924175283112,0.8403929779352552,0.4900351699882767,0.8465239754438361,0.7264242659926113,2.4759255666298845,5.594671255334742,2.0757606424216273,0.0
direct_week_ahead_missing_modality,1,week_plus_1,drop_ntl,model2,tcn_hierarchical,valid,0.844905905256327,0.8667601683029453,0.932809223286822,0.9502189401433505,0.7270925022094373,0.7654540460872941,0.7643020594965675,0.7956521739130434,0.8010033444816054,0.5360824742268041,0.8072601555747623,0.6954643628509719,4.12142142896949,7.797304563770332,3.084631391425887,0.0
direct_week_ahead_missing_modality,1,week_plus_1,drop_ntl,model2,tcn_hierarchical,test,0.8173138128580522,0.8409405255878285,0.9159391599837494,0.9349112232142766,0.6959335688352569,0.7373195472981011,0.7357755261106781,0.7934272300469484,0.7720848056537103,0.45685279187817257,0.7786960514233241,0.6786069651741293,3.7588823707912526,12.21346889173867,2.7442436134502404,0.0
direct_week_ahead_missing_modality,1,week_plus_1,drop_firms,model2,linear_hierarchical,train,0.8341997566640859,0.8375898834614431,0.9277151355956734,0.9352351741750193,0.7186939834942886,0.7706307012233254,0.7625949532873483,0.7886435331230284,0.8214769138216274,0.4723441615452151,0.8269691644032593,0.6840361445783133,3.7046579657718293,4.424235282941541,7196.941543025739,0.0
direct_week_ahead_missing_modality,1,week_plus_1,drop_firms,model2,linear_hierarchical,valid,0.849714648065948,0.886039886039886,0.9360365067781852,0.9552273553956812,0.7116637104763831,0.7543903260854758,0.7440357852882704,0.7966101694915254,0.8101045296167247,0.5066666666666667,0.8088235294117647,0.6361136571952337,30.368877548903953,5.991671436712178,7219.996973662285,0.0
direct_week_ahead_missing_modality,1,week_plus_1,drop_firms,model2,linear_hierarchical,test,0.823086574654956,0.8625730994152047,0.9239513310083207,0.9458983183999041,0.7024094389149316,0.7373446571347287,0.730566037735849,0.822429906542056,0.781305114638448,0.4811320754716981,0.7878787878787878,0.6393013100436681,78.48945486313498,19.081680519609787,7273.146278157878,0.0
direct_week_ahead_missing_modality,1,week_plus_1,drop_firms,model2,lightgbm_hierarchical,train,0.9553296012795613,0.9867337602927722,0.992405008701813,0.9992483333657854,0.9279893089049953,0.9434283680833728,0.9421640070104234,0.9923319801533604,0.9382074028754971,0.8166259168704156,0.9624689826302729,0.9303122619954303,1.5891821591889217,2.2013193815187067,1.160667688371328,0.0
direct_week_ahead_missing_modality,1,week_plus_1,drop_firms,model2,lightgbm_hierarchical,valid,0.8509277031349968,0.8717277486910995,0.9374861751597034,0.9493461585161547,0.737755705864718,0.7806842797469886,0.7786016949152542,0.8017429193899782,0.8128916741271263,0.5229357798165137,0.8189806678383128,0.7322274881516587,3.0860407703339092,6.22998566040698,2.2155136327167075,0.0
direct_week_ahead_missing_modality,1,week_plus_1,drop_firms,model2,lightgbm_hierarchical,test,0.824688115561392,0.850415512465374,0.9242211431694373,0.940153355170453,0.7280513105950661,0.7677765817064095,0.7658280342825546,0.8599033816425121,0.7953890489913544,0.4688995215311005,0.8022598870056498,0.7138047138047138,3.5808692600054624,6.302675804656183,2.223806703830802,0.0
direct_week_ahead_missing_modality,1,week_plus_1,drop_firms,model2,catboost_hierarchical,train,0.8888888888888888,0.9175184216781554,0.9614194455763425,0.9781910843665846,0.847324092374049,0.8667845753604607,0.8666913192197467,0.9161176987263944,0.8886894075403949,0.7280550774526678,0.8977220608469653,0.8060362173038229,1.7390140040413415,2.612005498879409,1.315138525820502,0.0
direct_week_ahead_missing_modality,1,week_plus_1,drop_firms,model2,catboost_hierarchical,valid,0.8511475409836066,0.8796680497925311,0.9387024716799978,0.9550161301189959,0.7535388356293031,0.7905708434309701,0.7910369984366857,0.8259958071278826,0.8333333333333334,0.5671641791044776,0.8246364414029085,0.7165644171779141,3.281397066581858,7.174057720712027,2.4512103298735703,0.0
direct_week_ahead_missing_modality,1,week_plus_1,drop_firms,model2,catboost_hierarchical,test,0.8185378590078329,0.8530670470756063,0.9269561350253891,0.9444232469102667,0.7261028214325196,0.7624284451845322,0.7637051039697542,0.8495145631067961,0.8025022341376229,0.49214659685863876,0.7989228007181328,0.6874279123414071,3.9285208928194972,6.872018669166031,2.4039974046354877,0.0
direct_week_ahead_missing_modality,1,week_plus_1,drop_firms,model2,gru_hierarchical,train,0.8320180383314544,0.8639175257731959,0.936647605169791,0.9433357694153007,0.7338454293736,0.7830972825549726,0.7825352905313511,0.8128342245989305,0.8218382015598715,0.4852607709750567,0.8284345047923323,0.7208594449418084,3.32663353999153,5.804565119893755,2.564306856906254,0.0
direct_week_ahead_missing_modality,1,week_plus_1,drop_firms,model2,gru_hierarchical,valid,0.8429351121892056,0.8714285714285714,0.93277164674781,0.9533906440678385,0.7328559441946323,0.7625290689248071,0.759531522551707,0.8290598290598291,0.8032921810699588,0.5747126436781609,0.8086206896551724,0.6485943775100401,5.193201454915004,8.03041366643849,3.858479447761976,0.0
direct_week_ahead_missing_modality,1,week_plus_1,drop_firms,model2,gru_hierarchical,test,0.8298256163559832,0.8615819209039548,0.926025628565094,0.9458374200262514,0.7064193039431143,0.7395581748207167,0.7389014296463506,0.8235294117647058,0.7759197324414716,0.49162011173184356,0.7819148936170213,0.6591123701605288,4.902773607657927,12.782869956326202,3.4103351261584334,0.0
direct_week_ahead_missing_modality,1,week_plus_1,drop_firms,model2,tcn_hierarchical,train,0.8565641220407647,0.8712620375063356,0.9444979601727018,0.9508380802523042,0.7550395390549092,0.800546829380022,0.7993402968664101,0.8192062714355708,0.8432147562582345,0.5361990950226244,0.8494824367894112,0.7270951357687048,2.518251945007472,5.417237409981665,1.977619035211292,0.0
direct_week_ahead_missing_modality,1,week_plus_1,drop_firms,model2,tcn_hierarchical,valid,0.8376184032476319,0.8763736263736264,0.9290208825628643,0.9516131624982883,0.7296204227386561,0.7661510459978451,0.763395225464191,0.8148148148148148,0.8117752007136485,0.547486033519553,0.8153564899451554,0.658669574700109,4.22264745036893,7.319767439284399,2.961243091625214,0.0
direct_week_ahead_missing_modality,1,week_plus_1,drop_firms,model2,tcn_hierarchical,test,0.8188265635074146,0.8744827586206897,0.9215431559702421,0.9426676628209034,0.7104455023613357,0.7485984875305979,0.7474321833026073,0.8329297820823245,0.7878787878787878,0.46994535519125685,0.7914735866543096,0.67,3.385819085890126,11.58744937295066,2.326686248306524,0.0
direct_week_ahead_missing_modality,1,week_plus_1,drop_ntl_firms,model2,linear_hierarchical,train,0.8371933827723902,0.8381660470879801,0.9270074722681645,0.9339741124165558,0.7109167564682479,0.7713001389584728,0.769584215505203,0.7849124382577458,0.82291040288635,0.42424242424242425,0.8268245838668374,0.6956939330878822,3.7223602219638603,4.451944735221372,7196.9633297151,0.0
direct_week_ahead_missing_modality,1,week_plus_1,drop_ntl_firms,model2,linear_hierarchical,valid,0.8527131782945736,0.8892045454545454,0.9363073419879511,0.9561430711209566,0.7174863937158332,0.757093911295105,0.7525458248472505,0.8025210084033614,0.8051502145922746,0.5238095238095238,0.8113553113553114,0.6445959104186952,31.833734387627818,5.66744644368384,7221.063056173199,0.0
direct_week_ahead_missing_modality,1,week_plus_1,drop_ntl_firms,model2,linear_hierarchical,test,0.8260309278350515,0.8662790697674418,0.9231537943574655,0.9464157096839646,0.7031005697398455,0.7404384532447125,0.73835863133522,0.8271028037383178,0.7820738137082601,0.46706586826347307,0.7890772128060264,0.6501831501831502,82.19484609078225,21.893683478860247,7278.848582289898,0.0
direct_week_ahead_missing_modality,1,week_plus_1,drop_ntl_firms,model2,lightgbm_hierarchical,train,0.8879131037670441,0.941371158392435,0.9615069429846061,0.9853279301899703,0.8755487763592553,0.886729855890328,0.8857962292538436,0.964349376114082,0.8972939729397293,0.7710843373493976,0.906057661159702,0.8389585342333655,1.7632995581159734,2.747789636407195,1.3113784081635778,0.0
direct_week_ahead_missing_modality,1,week_plus_1,drop_ntl_firms,model2,lightgbm_hierarchical,valid,0.8400770712909441,0.8698060941828255,0.9359113726962597,0.9484949036141386,0.7441395452630485,0.7841912458995592,0.7822151224707136,0.8,0.820333041191937,0.5514018691588785,0.8244972577696527,0.7244655581947743,2.873695394384513,5.756914126846339,2.1230616171079135,0.0
direct_week_ahead_missing_modality,1,week_plus_1,drop_ntl_firms,model2,lightgbm_hierarchical,test,0.8172888015717092,0.8481375358166189,0.9228604554450663,0.9379568176577264,0.7215436133216712,0.7626571672452499,0.7636871508379889,0.8337349397590361,0.7952029520295203,0.47398843930635837,0.810126582278481,0.6946651532349603,3.4866931209780527,7.652065804756733,2.1224577620487772,0.0
direct_week_ahead_missing_modality,1,week_plus_1,drop_ntl_firms,model2,catboost_hierarchical,train,0.8707174406111974,0.9041487839771102,0.9518932082509555,0.9679840621699798,0.8080759097462152,0.8428165062122055,0.8397800099995455,0.8786536758193091,0.8726076555023924,0.625,0.8820073050659044,0.7821109123434705,1.8358062339001395,2.855648109493416,1.445194878643922,0.0
direct_week_ahead_missing_modality,1,week_plus_1,drop_ntl_firms,model2,catboost_hierarchical,valid,0.8483221476510067,0.8792134831460674,0.9391735146218784,0.9564767111961926,0.7579025832076495,0.7965635020545515,0.7930407686315243,0.8315565031982942,0.8380952380952381,0.5636363636363636,0.833941605839416,0.7222832052689352,3.0820834826087724,5.589111443341957,2.3996809047732337,0.0
direct_week_ahead_missing_modality,1,week_plus_1,drop_ntl_firms,model2,catboost_hierarchical,test,0.816408876933423,0.8501440922190202,0.9259136390559517,0.9429880964195376,0.7350809926223165,0.7680318759819939,0.7667560321715817,0.8317757009345794,0.8,0.5333333333333333,0.8053949903660886,0.7049009384775808,3.663609196358992,23.408193563322843,2.3457732089719596,0.0
direct_week_ahead_missing_modality,1,week_plus_1,drop_ntl_firms,model2,gru_hierarchical,train,0.8410482488366398,0.8498753117206983,0.9327660885709748,0.9343123922217719,0.7275408331601612,0.7754648023847945,0.7695454772239685,0.7950310559006211,0.8236900494965012,0.5,0.8330079858030168,0.685975074600667,4.2976266563223025,6.380835531068135,3.207085940706358,0.0
direct_week_ahead_missing_modality,1,week_plus_1,drop_ntl_firms,model2,gru_hierarchical,valid,0.8483290488431876,0.8788282290279628,0.9358202811429694,0.9529952337557305,0.7117277071729777,0.7488576054985223,0.7404718693284936,0.7874720357941835,0.7967479674796748,0.5360824742268041,0.8041431261770244,0.6341929321872015,5.851566443766102,8.690240520066403,4.237529717025466,0.0
direct_week_ahead_missing_modality,1,week_plus_1,drop_ntl_firms,model2,gru_hierarchical,test,0.8209050350541747,0.8559782608695652,0.9229841023694634,0.9408156619817162,0.7206552386881553,0.7476132133341024,0.7414297103374967,0.8600508905852418,0.7869158878504673,0.5217391304347826,0.803088803088803,0.6314814814814815,5.729466927142331,13.525292366642699,3.8304737578917814,0.0
direct_week_ahead_missing_modality,1,week_plus_1,drop_ntl_firms,model2,tcn_hierarchical,train,0.848917261234197,0.856857855361596,0.9376999926107871,0.9432304881189,0.7417723864157832,0.7947537076763527,0.7942234608563465,0.8275862068965517,0.8367622259696459,0.47414880201765447,0.844521138912856,0.7258435582822086,2.7267228873467437,5.485358070370157,2.134844931609922,0.0
direct_week_ahead_missing_modality,1,week_plus_1,drop_ntl_firms,model2,tcn_hierarchical,valid,0.8456992777413,0.8766404199475065,0.9353360505180495,0.955765642905601,0.7388796584126718,0.7753076522579376,0.7716823406478579,0.834061135371179,0.8161434977578476,0.5454545454545454,0.8171064604185623,0.6816326530612244,3.8915225524727437,7.2088262584392435,2.912631510985617,0.0
direct_week_ahead_missing_modality,1,week_plus_1,drop_ntl_firms,model2,tcn_hierarchical,test,0.825147347740668,0.8583450210378681,0.9242586405981277,0.9447528318009706,0.722029415944555,0.757845608833405,0.7560451370231058,0.8238213399503722,0.8007414272474513,0.509090909090909,0.8072174738841406,0.6692759295499021,3.40552920846512,11.632735124009791,2.499894485708232,0.0
direct_week_ahead_missing_modality,1,week_plus_1,drop_unosat,model2,linear_hierarchical,train,0.8364312267657993,0.846118511713367,0.9271730194060224,0.9339887572073343,0.7216254910701408,0.7730924384586975,0.7720540888602705,0.7798245614035088,0.8204819277108434,0.48390243902439023,0.8269260460089548,0.6969924812030075,3.6927127440588143,7199.262562377791,7196.929495811065,0.0
direct_week_ahead_missing_modality,1,week_plus_1,drop_unosat,model2,linear_hierarchical,valid,0.8470588235294118,0.8829787234042553,0.9326214799112577,0.9516436506744995,0.709136162081788,0.7481456956204029,0.7458419958419958,0.7815126050420168,0.7944732297063903,0.5253456221198156,0.803886925795053,0.6404624277456648,27.36932966579826,7201.6480046366105,7216.785723892844,0.0
direct_week_ahead_missing_modality,1,week_plus_1,drop_unosat,model2,linear_hierarchical,test,0.8185378590078329,0.8644986449864499,0.923362583316763,0.9481074228854907,0.6868654325621225,0.7215300798319454,0.7223991507430998,0.8074245939675174,0.7711267605633803,0.47058823529411764,0.784741144414169,0.6004464285714286,73.18088511817886,7225.162081103743,7265.475658581214,0.0
direct_week_ahead_missing_modality,1,week_plus_1,drop_unosat,model2,lightgbm_hierarchical,train,0.9586423915486626,0.9906966190152031,0.993822883373277,0.9995388860652353,0.9561222459012384,0.9578736880498444,0.9578177469064815,0.9782512205947625,0.9596653719749029,0.9350893697083725,0.9651632970451011,0.9424419701830534,1.5716363957922517,1.9711679874474275,1.1199524563971626,0.0
direct_week_ahead_missing_modality,1,week_plus_1,drop_unosat,model2,lightgbm_hierarchical,valid,0.8518987341772152,0.8758169934640523,0.9373630600499353,0.9503927960116725,0.7503868627909183,0.7895058185853255,0.7900653594771242,0.8181818181818182,0.8254237288135593,0.5473684210526316,0.8130511463844797,0.7479091995221028,2.9878361286047843,6.186452222660815,2.2522417418746183,0.0
direct_week_ahead_missing_modality,1,week_plus_1,drop_unosat,model2,lightgbm_hierarchical,test,0.8286802030456852,0.8540245566166439,0.9248096970909716,0.9408112337679013,0.7126619429891867,0.7555489976765138,0.7557021159659247,0.8275862068965517,0.8015051740357478,0.4581005586592179,0.8,0.6761177753544165,3.6458570063785087,8.029047544814937,2.319978000566086,0.0
direct_week_ahead_missing_modality,1,week_plus_1,drop_unosat,model2,catboost_hierarchical,train,0.8850174216027874,0.9200734956361966,0.9608625602965444,0.9773773782259487,0.8519389068879007,0.8690284169294824,0.8683052090975789,0.9165927240461402,0.8897520167314013,0.7441424554826617,0.8943925233644859,0.8148148148148148,1.756684649096623,2.5946004295074854,1.323640243540892,0.0
direct_week_ahead_missing_modality,1,week_plus_1,drop_unosat,model2,catboost_hierarchical,valid,0.8547231270358306,0.8865435356200527,0.9389341418036653,0.9585953948746561,0.7537299059126354,0.792073584275823,0.7927554980595084,0.8308351177730193,0.8265560165975103,0.5543478260869565,0.8275261324041812,0.7293844367015099,3.3126355514079404,6.608283951768517,2.4628498805443675,0.0
direct_week_ahead_missing_modality,1,week_plus_1,drop_unosat,model2,catboost_hierarchical,test,0.8256041802743305,0.8587105624142661,0.9268091240072948,0.9464810725412445,0.7182669616118951,0.758965746865462,0.7592891760904685,0.8444444444444444,0.7907390917186109,0.4624277456647399,0.8060263653483992,0.6876971608832808,3.835560466278544,8.630588936658556,2.389006834683312,0.0
direct_week_ahead_missing_modality,1,week_plus_1,drop_unosat,model2,gru_hierarchical,train,0.8451993735694495,0.8447739775173404,0.9398098579276233,0.9427875521564675,0.7425772613393982,0.7931003498516398,0.7935693855409803,0.8291482028557361,0.8357634994391925,0.4850574712643678,0.8413500733735529,0.7215670597641415,3.506180960001893,5.76134425168026,2.5473443036803967,0.0
direct_week_ahead_missing_modality,1,week_plus_1,drop_unosat,model2,gru_hierarchical,valid,0.8392056374119155,0.8782383419689119,0.9335350990553442,0.95409069128182,0.745329909362152,0.7761774019556414,0.7755630339114677,0.8209606986899564,0.8095238095238095,0.585635359116022,0.8156521739130435,0.6948775055679287,5.748573379257388,8.235979022468038,3.8722629106367186,0.0
direct_week_ahead_missing_modality,1,week_plus_1,drop_unosat,model2,gru_hierarchical,test,0.8157894736842105,0.8717948717948718,0.9215837610365976,0.945948663708785,0.7105637830157832,0.7424047231840698,0.7426624737945493,0.8047058823529412,0.7837599293909974,0.5193370165745856,0.7852650494159928,0.6597510373443983,5.3775851841859925,12.917823037875632,3.209356686461983,0.0
direct_week_ahead_missing_modality,1,week_plus_1,drop_unosat,model2,tcn_hierarchical,train,0.8442524598032157,0.8409202153695545,0.9345752416567432,0.9329338166592809,0.7141622360442862,0.7687625385111396,0.7604922398751033,0.739093242087254,0.8232536333802156,0.49304174950298213,0.835700508504296,0.6797220467466835,4.023465981619143,6.290031724241422,3.1295111827506688,0.0
direct_week_ahead_missing_modality,1,week_plus_1,drop_unosat,model2,tcn_hierarchical,valid,0.8479381443298969,0.8733509234828496,0.9318310580812649,0.9482080218930671,0.7017721209237296,0.7404856622712717,0.7306380905991232,0.7556390977443609,0.7932773109243697,0.5370370370370371,0.8037735849056604,0.6191335740072202,5.274308836521452,8.375446176208854,4.554419686988903,0.0
direct_week_ahead_missing_modality,1,week_plus_1,drop_unosat,model2,tcn_hierarchical,test,0.8275434243176178,0.8413978494623656,0.9177456405613227,0.9319932972576924,0.6729437087160338,0.7148110417090948,0.7078048780487805,0.7346938775510204,0.7472712006717045,0.463768115942029,0.7921951219512195,0.6267902274641954,4.5006057759491025,13.050763054471547,3.7696729470075105,0.0
direct_week_ahead_missing_modality,2,week_plus_2,full,model1,linear_hierarchical,train,0.7084342655802687,0.6455026455026455,0.79601549966074,0.7194476495948278,0.565702016408848,0.6012904481198662,0.5975118275801647,0.6053571428571428,0.6379057032189128,0.393048128342246,0.6029830735713089,0.5892160340546293,7.64721169264892,7201.044778305842,7199.589384048152,0.0
direct_week_ahead_missing_modality,2,week_plus_2,full,model1,linear_hierarchical,valid,0.7311178247734139,0.6842105263157895,0.8305609054962237,0.7653128926064875,0.5816813152265379,0.6199888801807045,0.6126463700234192,0.6666666666666666,0.6576779026217229,0.37735849056603776,0.6518254674977738,0.5548780487804879,11.32547221987747,7205.217033726481,7201.873897931316,0.0
direct_week_ahead_missing_modality,2,week_plus_2,full,model1,linear_hierarchical,test,0.7351274787535411,0.5962145110410094,0.8357164594041477,0.6792399099584812,0.5579331790381824,0.6018157830432063,0.5976744186046512,0.5769230769230769,0.6617915904936015,0.36363636363636365,0.6209223847019123,0.5663924794359577,10.641305648487458,7208.127081666796,7200.5001623438075,0.0
direct_week_ahead_missing_modality,2,week_plus_2,full,model1,lightgbm_hierarchical,train,0.9439336174030052,0.977961432506887,0.9894527198023304,0.9982723716035461,0.9342422740793934,0.9413764062920595,0.9404541555685973,0.9879410451094238,0.9508148148148148,0.8696412948381452,0.9496628508703152,0.913151364764268,1.9449551418711493,2.312548931806099,1.3799148699668489,0.0
direct_week_ahead_missing_modality,2,week_plus_2,full,model1,lightgbm_hierarchical,valid,0.8414481897627965,0.8463611859838275,0.9282833876232088,0.903727928006048,0.7177031789470434,0.7662583069771587,0.7643765903307888,0.7777777777777778,0.8102734051367025,0.4854368932038835,0.8096514745308311,0.7053763440860215,5.0036726661073985,8.40440587676712,3.7906532326686415,0.0
direct_week_ahead_missing_modality,2,week_plus_2,full,model1,lightgbm_hierarchical,test,0.8011569052783803,0.784375,0.904332274675256,0.8043597578771284,0.6780776575301043,0.7246500042410076,0.7208523592085236,0.7032967032967034,0.7849686847599165,0.4745762711864407,0.7804878048780488,0.6470588235294118,5.621207280362457,11.440541099552908,3.9558058330034576,0.0
direct_week_ahead_missing_modality,2,week_plus_2,full,model1,catboost_hierarchical,train,0.8833898305084745,0.8934692991972228,0.9599315411580781,0.9748220562177248,0.842356980477188,0.8629644157228078,0.8611301761610616,0.9233576642335767,0.8819800784787202,0.707635009310987,0.8915510718789408,0.807261078483716,2.275930824418663,3.11242115791133,1.6752242849572798,0.0
direct_week_ahead_missing_modality,2,week_plus_2,full,model1,catboost_hierarchical,valid,0.8370607028753994,0.857849196538937,0.9282416148664842,0.9225702297929046,0.7238604772971986,0.7691866626159555,0.7676927124440937,0.7866666666666666,0.816220880069025,0.5104166666666666,0.8184281842818428,0.6875699888017918,5.035796518762015,8.401706046697093,3.6965691765685826,0.0
direct_week_ahead_missing_modality,2,week_plus_2,full,model1,catboost_hierarchical,test,0.8070432868672047,0.8200589970501475,0.9072249819568984,0.8349434855506028,0.6827073036743031,0.7290217721013686,0.7269314982796372,0.7112462006079028,0.8008429926238145,0.4840764331210191,0.8,0.6173708920187794,5.604480313222879,11.949844150698791,3.7592685121048155,0.0
direct_week_ahead_missing_modality,2,week_plus_2,full,model1,gru_hierarchical,train,0.8368239355581127,0.8302230314064634,0.9378903405816479,0.9360354885570332,0.7366838305332355,0.7842230158029503,0.7766393442622951,0.8003731343283582,0.8399734395750332,0.5160621761658031,0.8393713813068652,0.6876390212901176,4.455404003639652,6.1307058155810354,3.3685517510037917,0.0
direct_week_ahead_missing_modality,2,week_plus_2,full,model1,gru_hierarchical,valid,0.8467243510506799,0.8700980392156863,0.9314505006047822,0.9156862126515606,0.7178736755118396,0.7593227645615513,0.7483229813664596,0.8066528066528067,0.816289592760181,0.52,0.821203953279425,0.6252220248667851,6.75319981162474,8.823660168656556,5.047017606163535,0.0
direct_week_ahead_missing_modality,2,week_plus_2,full,model1,gru_hierarchical,test,0.8057065217391305,0.840620592383639,0.9109515219252079,0.8558308159648536,0.6723488338983254,0.7200859825233044,0.7132394366197183,0.7405660377358491,0.793717277486911,0.4375,0.7804370447450573,0.6095238095238096,6.643667126358897,13.740357147489915,4.320951113433113,0.0
direct_week_ahead_missing_modality,2,week_plus_2,full,model1,tcn_hierarchical,train,0.8354803091645197,0.8351803819853808,0.9286026667742582,0.9113569073430884,0.7051722308892885,0.761531033921822,0.7497788743540803,0.6889320388349515,0.8234888927156879,0.5112299465240642,0.8352342516230917,0.6669760247486466,6.302614406534751,6.824000084172944,4.552595563316538,0.0
direct_week_ahead_missing_modality,2,week_plus_2,full,model1,tcn_hierarchical,valid,0.8362014021669854,0.8611111111111112,0.9205993157163456,0.888317764638317,0.7090760196555411,0.7456500101032135,0.73193359375,0.76,0.8069216757741348,0.5638297872340425,0.8170055452865065,0.597623089983022,8.61539645983602,9.547693624432426,5.499250522443587,0.0
direct_week_ahead_missing_modality,2,week_plus_2,full,model1,tcn_hierarchical,test,0.8045812455261274,0.8192090395480226,0.9000082368092582,0.8330084312844365,0.663138338306073,0.7147276866539058,0.7050923335198657,0.6950959488272921,0.7847295864262991,0.43902439024390244,0.7931034482758621,0.6037383177570094,8.281969573845839,14.380421454910568,4.720104737642937,0.0
direct_week_ahead_missing_modality,2,week_plus_2,drop_ntl,model1,linear_hierarchical,train,0.6915620180656532,0.6451747958970064,0.7874834111881159,0.7051018141317702,0.5685669625341436,0.6097220153083254,0.6095843003135052,0.5837734037445992,0.6573796085024619,0.39526276831976315,0.6198668146503885,0.586552217453505,7.738653868632306,7201.092587237265,7199.7587355449505,0.0
direct_week_ahead_missing_modality,2,week_plus_2,drop_ntl,model1,linear_hierarchical,valid,0.7474747474747475,0.6728323699421965,0.8324873123792069,0.7584411070219623,0.5911932605385541,0.620194294314488,0.617634027470093,0.6666666666666666,0.6558704453441295,0.436241610738255,0.649270913277053,0.5479166666666667,10.476407213814332,7204.636146339963,7201.683065466219,0.0
direct_week_ahead_missing_modality,2,week_plus_2,drop_ntl,model1,linear_hierarchical,test,0.7306325515280739,0.622478386167147,0.828430616041629,0.6688241503858068,0.5611094221587477,0.6088009501849707,0.6088840736728061,0.547550432276657,0.6600660066006601,0.3739130434782609,0.6465028355387523,0.5775147928994083,10.405604501774564,7208.269161244783,7200.514925736503,0.0
direct_week_ahead_missing_modality,2,week_plus_2,drop_ntl,model1,lightgbm_hierarchical,train,0.9064212141135218,0.9184864864864865,0.9736711123091656,0.9845191201864317,0.8766912439112577,0.8951896459501882,0.8919969614370615,0.9474613686534217,0.9183826845032316,0.7599309153713298,0.922930542340628,0.8347507086876772,2.167807936482767,2.670003887700652,1.6700658375779855,0.0
direct_week_ahead_missing_modality,2,week_plus_2,drop_ntl,model1,lightgbm_hierarchical,valid,0.8421052631578947,0.8335388409371147,0.9278370881727912,0.9070836967966921,0.706798098608846,0.754965717017084,0.7526935605111501,0.7750556792873051,0.8,0.48044692737430167,0.8157894736842105,0.6626984126984127,5.322138188913774,8.03820666831206,4.326216087729432,0.0
direct_week_ahead_missing_modality,2,week_plus_2,drop_ntl,model1,lightgbm_hierarchical,test,0.8016937191249118,0.7965116279069767,0.9042796403600502,0.8437264895312431,0.6695527929398117,0.7237761494953272,0.71968787515006,0.7182320441988951,0.7883211678832117,0.4171779141104294,0.7872807017543859,0.6367521367521367,5.635285532924655,12.113982812353525,3.981965133638095,0.0
direct_week_ahead_missing_modality,2,week_plus_2,drop_ntl,model1,catboost_hierarchical,train,0.8693085045986148,0.8797743055555556,0.9514522669426588,0.9635396085051339,0.815282128405365,0.8425725023027041,0.8402382645803699,0.9044414535666218,0.8723656871475215,0.65,0.874924288310115,0.7746792130025663,2.4371980149079153,3.390248121226016,1.9053312226451395,0.0
direct_week_ahead_missing_modality,2,week_plus_2,drop_ntl,model1,catboost_hierarchical,valid,0.8428390367553865,0.8553299492385786,0.9280189042685291,0.9238381824455041,0.7272382804551606,0.7691670696568076,0.7668184117349519,0.787746170678337,0.8176420695504665,0.5326633165829145,0.8181818181818182,0.6799580272822665,5.621440348750806,8.226730483269337,4.1813885364346355,0.0
direct_week_ahead_missing_modality,2,week_plus_2,drop_ntl,model1,catboost_hierarchical,test,0.8020603384841796,0.8188512518409425,0.9066769581477124,0.8546355012372381,0.6901352373373821,0.7302542189204556,0.7286356821589205,0.7478753541076487,0.7839506172839507,0.4936708860759494,0.7975077881619937,0.6276715410573678,5.546575005524602,11.861113271402267,3.7796911692892867,0.0
direct_week_ahead_missing_modality,2,week_plus_2,drop_ntl,model1,gru_hierarchical,train,0.84635067625198,0.8338382661384293,0.9340130538096407,0.9347357857753864,0.7354611324417812,0.7831304793813436,0.7730917026424403,0.8027144934561319,0.8326310466880161,0.510677808727948,0.8425279329608939,0.6887543803759159,4.744142278858177,6.2343162048727585,3.455966224660303,0.0
direct_week_ahead_missing_modality,2,week_plus_2,drop_ntl,model1,gru_hierarchical,valid,0.8415094339622642,0.8610421836228288,0.9239494228631968,0.9263871618705338,0.7127782256692292,0.7522918213343714,0.740448607345329,0.7663157894736842,0.8141592920353983,0.5471698113207547,0.8138686131386861,0.6223776223776224,7.162469675536607,8.997868968495725,4.939259383281806,0.0
direct_week_ahead_missing_modality,2,week_plus_2,drop_ntl,model1,gru_hierarchical,test,0.8120085775553967,0.8314285714285714,0.9061991207653923,0.8696550165417322,0.6952983273731758,0.7361029448903031,0.7268055952041108,0.7414634146341463,0.8041884816753927,0.5088757396449705,0.8095238095238095,0.6124401913875598,7.194474305128364,13.846479048922362,4.41604492077532,0.0
direct_week_ahead_missing_modality,2,week_plus_2,drop_ntl,model1,tcn_hierarchical,train,0.8397074691284019,0.8258569128134345,0.9315288624721976,0.9268360430165584,0.7202266383730439,0.7723874343200474,0.76162215628091,0.7540250447227191,0.8303616912888436,0.5051334702258727,0.8394843722408617,0.6721286133869222,5.554426525756926,6.680451247703061,4.09159929377705,0.0
direct_week_ahead_missing_modality,2,week_plus_2,drop_ntl,model1,tcn_hierarchical,valid,0.8380592312539382,0.8539603960396039,0.918867508348145,0.8906782489281616,0.7075672024126507,0.7467991813052955,0.7336782458733678,0.7692307692307693,0.8114901256732495,0.5416666666666666,0.8115134633240483,0.6039349871685201,8.284986877314424,9.579004017390218,5.3492499126533275,0.0
direct_week_ahead_missing_modality,2,week_plus_2,drop_ntl,model1,tcn_hierarchical,test,0.8092892329345531,0.8161559888579387,0.9010189667651496,0.8188104418635407,0.6667712245241575,0.7179561841911812,0.7105115233277122,0.7185354691075515,0.7929969104016478,0.4305555555555556,0.790096878363832,0.6016713091922006,7.958355269624039,14.267420762296453,4.628286621631017,0.0
direct_week_ahead_missing_modality,2,week_plus_2,drop_firms,model1,linear_hierarchical,train,0.7043756670224119,0.6510989010989011,0.7752788129596492,0.6976974481180052,0.559409053835585,0.6043641231246709,0.6031924460431655,0.5266198926950062,0.6399813280429455,0.40464798359535203,0.6319885847710468,0.5938074800735745,7.854402360686401,7201.52563869755,7199.681667125884,0.0
direct_week_ahead_missing_modality,2,week_plus_2,drop_firms,model1,linear_hierarchical,valid,0.7336628226249313,0.6128205128205129,0.7930007425761284,0.6650716463540446,0.5537730641227316,0.5948097159220478,0.5940552016985138,0.5263157894736842,0.6332665330661322,0.40569395017793597,0.637379002233805,0.5662100456621004,10.315337597091574,7205.733387145063,7201.036236479042,0.0
direct_week_ahead_missing_modality,2,week_plus_2,drop_firms,model1,linear_hierarchical,test,0.7420584498094028,0.5816485225505443,0.8128753974786582,0.604765955622623,0.5443881494643178,0.5972431167129966,0.5973496432212029,0.4789473684210526,0.6461538461538462,0.3684210526315789,0.6286231884057971,0.5997952917093142,9.898902132425986,7208.673431577024,7200.09148213703,0.0
direct_week_ahead_missing_modality,2,week_plus_2,drop_firms,model1,lightgbm_hierarchical,train,0.9317559426005039,0.9738122827346466,0.9881132446693508,0.9981213784954711,0.9331027718513683,0.9354851601311461,0.9351467299529916,0.9800443458980045,0.9441067457375834,0.8923076923076924,0.9374407582938389,0.9116143170197224,2.113105043913499,2.74395745674522,1.5070598275311524,0.0
direct_week_ahead_missing_modality,2,week_plus_2,drop_firms,model1,lightgbm_hierarchical,valid,0.838189708617483,0.8496551724137931,0.9270103528996456,0.9053337231689722,0.7014569362613139,0.7521567884665029,0.7502628811777077,0.7361702127659574,0.8048151332760103,0.48484848484848486,0.8110091743119267,0.6704416761041903,5.218431288704196,9.02941119261345,3.970743667109982,0.0
direct_week_ahead_missing_modality,2,week_plus_2,drop_firms,model1,lightgbm_hierarchical,test,0.8062455642299503,0.784688995215311,0.9025524317366127,0.7927554855348694,0.675584079267333,0.7263799919358124,0.7247278382581649,0.7150837988826816,0.7878151260504201,0.445859872611465,0.7964601769911505,0.6327014218009479,5.7931362081189395,11.475111775479185,4.0044798017539796,0.0
direct_week_ahead_missing_modality,2,week_plus_2,drop_firms,model1,catboost_hierarchical,train,0.8662597708534104,0.8863010798221469,0.9597505532710873,0.9730155987094344,0.8273256359567016,0.8493227565788952,0.8452549575070821,0.9070175438596492,0.8737684729064039,0.691743119266055,0.8863389672817491,0.7777600764696511,2.3281191819719047,3.3034163795397946,1.741017437463043,0.0
direct_week_ahead_missing_modality,2,week_plus_2,drop_firms,model1,catboost_hierarchical,valid,0.8334350213544844,0.858560794044665,0.9281551373929467,0.9188781777447003,0.7171730016685245,0.7598041103090835,0.7545313309166235,0.7633928571428571,0.8108597285067873,0.5306122448979592,0.8130081300813008,0.6679920477137177,5.2249699228268955,8.325065492663793,3.757407196949091,0.0
direct_week_ahead_missing_modality,2,week_plus_2,drop_firms,model1,catboost_hierarchical,test,0.8083916083916084,0.8197674418604651,0.9065178463491057,0.8362666028198487,0.6881337710149861,0.7313586305966104,0.7276040085028849,0.7100591715976331,0.790547798066595,0.5031446540880503,0.7931404072883173,0.6437768240343348,5.707624733071193,11.123166846340027,3.815160174063964,0.0
direct_week_ahead_missing_modality,2,week_plus_2,drop_firms,model1,gru_hierarchical,train,0.8311599176389842,0.8296602387511478,0.9320351947585637,0.9238133532429517,0.7234512731154152,0.7705691155505678,0.7617081182543407,0.7858212680978532,0.8289429809936646,0.5078369905956113,0.8301886792452831,0.6644664466446645,5.608355273168416,6.649765696186237,4.026251332410602,0.0
direct_week_ahead_missing_modality,2,week_plus_2,drop_firms,model1,gru_hierarchical,valid,0.842355740630577,0.8588957055214724,0.9234411940984666,0.892511806160589,0.7147612694580313,0.7521129475507469,0.7393034825870647,0.7546296296296297,0.8181818181818182,0.5742574257425742,0.8228980322003577,0.6038394415357766,8.35829741747596,9.513904382298406,5.409789049213755,0.0
direct_week_ahead_missing_modality,2,week_plus_2,drop_firms,model1,gru_hierarchical,test,0.8261758691206544,0.812051649928264,0.9083798403170064,0.8440606264881229,0.6906149889943518,0.7314420254396149,0.7228213348877878,0.7309941520467836,0.8054679284963197,0.509090909090909,0.8016967126193001,0.6058252427184466,8.09000983072943,14.226473908647428,4.666447619974148,0.0
direct_week_ahead_missing_modality,2,week_plus_2,drop_firms,model1,tcn_hierarchical,train,0.8548678972131741,0.8247559893522627,0.944682800431536,0.9395966678437399,0.7286443690675171,0.781992601429358,0.7756327360059116,0.7112299465240641,0.8312061263560945,0.5390693590869183,0.8370943831329271,0.724622030237581,4.49003687075539,6.068072295616234,3.41387721449403,0.0
direct_week_ahead_missing_modality,2,week_plus_2,drop_firms,model1,tcn_hierarchical,valid,0.8291424887169568,0.8625,0.921513324886069,0.8996231851095371,0.714696147734626,0.7533961433611066,0.7487885743432797,0.7644787644787645,0.8066783831282952,0.55,0.8134057971014492,0.6389177939646202,7.38410409987928,9.073657122033751,5.158452385216617,0.0
direct_week_ahead_missing_modality,2,week_plus_2,drop_firms,model1,tcn_hierarchical,test,0.8083875632682574,0.833570412517781,0.9068804858718684,0.8531265277962139,0.7022545385797964,0.7367698000946776,0.7343841214244017,0.7568807339449541,0.7901740020470829,0.5310734463276836,0.791974656810982,0.641169853768279,6.987023688766361,13.81156802289463,4.543799357984232,0.0
direct_week_ahead_missing_modality,2,week_plus_2,drop_ntl_firms,model1,linear_hierarchical,train,0.6935205183585313,0.6443381180223285,0.7697922086871642,0.681950485039283,0.5587985256419065,0.605068739400984,0.6019540756939791,0.5208655332302936,0.6495321568162975,0.4134742404227213,0.6620040998432413,0.5481165978969785,7.941959685917321,7201.533135072234,7199.857725718213,0.0
direct_week_ahead_missing_modality,2,week_plus_2,drop_ntl_firms,model1,linear_hierarchical,valid,0.7278363298202107,0.6075268817204301,0.7993348606743635,0.6603176120501826,0.5815967217719054,0.6140917674735104,0.6120263591433278,0.5714285714285714,0.6448922863099374,0.46494464944649444,0.6629055007052186,0.5638126009693053,10.30788338379121,7205.210019911672,7201.0118277985,0.0
direct_week_ahead_missing_modality,2,week_plus_2,drop_ntl_firms,model1,linear_hierarchical,test,0.7189265536723164,0.5620094191522763,0.8054647585024546,0.6033132867891321,0.5748836957330128,0.6196787861251387,0.6191741125332045,0.5431472081218274,0.6546052631578947,0.4104803493449782,0.6622073578595318,0.6039783001808319,9.951408113793908,7208.747525830449,7200.1820478941745,0.0
direct_week_ahead_missing_modality,2,week_plus_2,drop_ntl_firms,model1,lightgbm_hierarchical,train,0.8446836555360281,0.847964796479648,0.9362557947117365,0.9342285397311934,0.7268233452257122,0.7818638180834434,0.7762876239570137,0.7314328582145536,0.8308016243044066,0.51434034416826,0.8415003990422985,0.7160415003990424,2.8874424449298983,4.770112148054876,2.411910859130551,0.0
direct_week_ahead_missing_modality,2,week_plus_2,drop_ntl_firms,model1,lightgbm_hierarchical,valid,0.8393194706994329,0.8753246753246753,0.9250147455902639,0.9329716736849368,0.7438127997775643,0.7727477616253619,0.7678661936137862,0.8111332007952287,0.8105263157894737,0.6010362694300518,0.8148148148148148,0.6815533980582524,5.649277234028414,8.438069493095572,4.611934242446709,0.0
direct_week_ahead_missing_modality,2,week_plus_2,drop_ntl_firms,model1,lightgbm_hierarchical,test,0.8177905308464849,0.8103186646433991,0.9112593941236329,0.891344431685234,0.7225947220533454,0.7565110955627657,0.7540789083358054,0.8246913580246914,0.7954309449636553,0.5153374233128835,0.8043956043956044,0.6731182795698925,5.777692876836132,11.873544573121267,4.178387299596636,0.0
direct_week_ahead_missing_modality,2,week_plus_2,drop_ntl_firms,model1,catboost_hierarchical,train,0.842548596112311,0.847964796479648,0.9362557947117365,0.9342709744445842,0.7271385085325749,0.7826216318787519,0.7770284781581547,0.7314328582145536,0.8365167694390134,0.51434034416826,0.8410524696107093,0.7123501012303379,2.8765634020566924,4.704404410709533,2.4286650372480736,0.0
direct_week_ahead_missing_modality,2,week_plus_2,drop_ntl_firms,model1,catboost_hierarchical,valid,0.838189708617483,0.8753246753246753,0.92782379874476,0.9282051215910219,0.7448185526816549,0.7751128121255625,0.769384193467963,0.8111332007952287,0.8245614035087719,0.6010362694300518,0.8150134048257373,0.6723484848484849,5.6326705290499905,8.390632230721506,4.60445799378294,0.0
direct_week_ahead_missing_modality,2,week_plus_2,drop_ntl_firms,model1,catboost_hierarchical,test,0.8121468926553672,0.8103186646433991,0.9095366011509,0.871104587197611,0.7235625842057745,0.7583805918657311,0.7553998832457677,0.8246913580246914,0.8037383177570093,0.5153374233128835,0.8101802757158006,0.6638655462184874,5.7667275178786195,11.83426102594783,4.168676105470582,0.0
direct_week_ahead_missing_modality,2,week_plus_2,drop_ntl_firms,model1,gru_hierarchical,train,0.8405762304921969,0.8289719626168224,0.9314135202928446,0.9191058485875415,0.6990374671201203,0.7576738681622427,0.7487848666637474,0.677284793325749,0.814436090225564,0.498046875,0.8342477140482129,0.6711718630010751,5.450312534022998,6.595377438758194,3.944518191346898,0.0
direct_week_ahead_missing_modality,2,week_plus_2,drop_ntl_firms,model1,gru_hierarchical,valid,0.8456206679269062,0.8668341708542714,0.924041857119765,0.8764519928754446,0.715256970927268,0.7486083495231556,0.7391203164998836,0.7749077490774908,0.8038585209003215,0.5728155339805825,0.8091872791519434,0.6155157715260017,8.014916126022593,9.445820481697675,5.351970004177159,0.0
direct_week_ahead_missing_modality,2,week_plus_2,drop_ntl_firms,model1,gru_hierarchical,test,0.8220946915351507,0.8340675477239354,0.9100058731044944,0.8278697359234399,0.6856875385085093,0.7240489728478423,0.7186477644492911,0.7625570776255708,0.7764034253092293,0.4827586206896552,0.7882599580712788,0.6184586108468125,7.861202484344998,14.199138101074746,4.702857523473089,0.0
direct_week_ahead_missing_modality,2,week_plus_2,drop_ntl_firms,model1,tcn_hierarchical,train,0.8354634427173288,0.8287749942541944,0.9335125022379309,0.9245749471034366,0.7141132084761509,0.7698956644323303,0.7662681390891667,0.7207819804504887,0.8239090350338045,0.498046875,0.8252103508493411,0.7026178010471205,4.813034609565428,6.153609219679011,3.6252804611439813,0.0
direct_week_ahead_missing_modality,2,week_plus_2,drop_ntl_firms,model1,tcn_hierarchical,valid,0.8401937046004843,0.8726823238566132,0.926786372187637,0.9199309744300495,0.7351358933080918,0.7692753838549149,0.7650193798449613,0.8204081632653061,0.8160919540229885,0.5631067961165048,0.8158783783783784,0.6601941747572816,7.284945088940831,8.966965664050349,5.057151934323656,0.0
direct_week_ahead_missing_modality,2,week_plus_2,drop_ntl_firms,model1,tcn_hierarchical,test,0.8281573498964804,0.838150289017341,0.9127223644270082,0.883621297329725,0.7072139918660753,0.7442875575526826,0.7426950354609929,0.817258883248731,0.793002915451895,0.4827586206896552,0.7935871743486974,0.6494623655913978,6.979516355508168,13.782694201002988,4.354567254448147,0.0
direct_week_ahead_missing_modality,2,week_plus_2,drop_unosat,model1,linear_hierarchical,train,0.6946919798527702,0.5533155210104445,0.7491566293131555,0.601838645758564,0.5332372483747292,0.5663527782415192,0.5630461357359533,0.5586446568201564,0.5915841584158416,0.38067772170151404,0.5782089035163693,0.5570708014197646,8.238142592543834,90.65910701093685,6.131324186868259,0.0
direct_week_ahead_missing_modality,2,week_plus_2,drop_unosat,model1,linear_hierarchical,valid,0.7256064690026954,0.6299615877080665,0.8077766375086801,0.7044771910278984,0.5560649783426919,0.5997104504218195,0.5907153008053055,0.6346863468634686,0.6354009077155824,0.3303834808259587,0.6371191135734072,0.5427350427350427,13.74651152303114,90.32510767376343,8.771906157788157,0.0
direct_week_ahead_missing_modality,2,week_plus_2,drop_unosat,model1,linear_hierarchical,test,0.7326100829610721,0.534923339011925,0.7971380010223178,0.6021434849964946,0.5323073435806117,0.5680243962798597,0.5646278999698704,0.5449591280653951,0.5973534971644613,0.3700440528634361,0.5784543325526932,0.5707257072570726,12.371184386246428,74.2131990209545,7.215630080069088,0.0
direct_week_ahead_missing_modality,2,week_plus_2,drop_unosat,model1,lightgbm_hierarchical,train,0.9431042330450614,0.9764325323475046,0.9893487184430941,0.9984979011838021,0.9307367098698588,0.9340676362015599,0.9333576775607084,0.9946043165467626,0.9453347311666916,0.8726953467954346,0.929835854522047,0.9112133003183587,1.9536046098071402,2.3833140664554704,1.3757321711985373,0.0
direct_week_ahead_missing_modality,2,week_plus_2,drop_unosat,model1,lightgbm_hierarchical,valid,0.834403080872914,0.8462585034013606,0.927111089517108,0.8936932911682705,0.7146506893243914,0.7591484806388232,0.7559339525283798,0.7722342733188721,0.799328295549958,0.5023255813953489,0.8033395176252319,0.6960257787325457,5.102486986203892,8.361503992990968,3.850126158643007,0.0
direct_week_ahead_missing_modality,2,week_plus_2,drop_unosat,model1,lightgbm_hierarchical,test,0.8008849557522124,0.77491961414791,0.9005067420251543,0.7737794305761454,0.6814806605176447,0.7271112069169974,0.7229437229437229,0.7183908045977011,0.780952380952381,0.47337278106508873,0.7881548974943052,0.6465324384787472,5.682317127121738,11.69355860061238,3.937206204719107,0.0
direct_week_ahead_missing_modality,2,week_plus_2,drop_unosat,model1,catboost_hierarchical,train,0.8839467148340483,0.9025254762959681,0.9596947672996592,0.9752205398762636,0.839794924300131,0.8597943455298777,0.8576097517887112,0.9192886456908345,0.883857688915025,0.710820895522388,0.8889891696750902,0.7960182216973174,2.2810513708205282,3.147062002109092,1.7026977532716254,0.0
direct_week_ahead_missing_modality,2,week_plus_2,drop_unosat,model1,catboost_hierarchical,valid,0.8413705583756346,0.8658227848101265,0.9282610183687804,0.9105020838486879,0.7274719605413387,0.7726452314783453,0.7714789619551524,0.7818181818181819,0.8226477935054122,0.5212765957446809,0.8220338983050848,0.6895833333333333,5.256800944595424,8.337907979699422,3.806400574023316,0.0
direct_week_ahead_missing_modality,2,week_plus_2,drop_unosat,model1,catboost_hierarchical,test,0.8038067349926794,0.8072289156626506,0.9061718266080778,0.8121829007212062,0.6859119779108127,0.726810148651826,0.7257383966244726,0.7112462006079028,0.7893660531697342,0.5098039215686274,0.7875647668393783,0.631578947368421,5.816884860897161,12.181300092299928,3.8717593970188404,0.0
direct_week_ahead_missing_modality,2,week_plus_2,drop_unosat,model1,gru_hierarchical,train,0.8410880458124552,0.8470023980815348,0.937207954583579,0.9383751392478983,0.7383014400307893,0.7798445805571859,0.7813123359580052,0.8186226964112512,0.8323854131816661,0.5320910973084886,0.8392332930409255,0.6691747002116153,4.843461233347194,6.258358096998563,3.5937271091015113,0.0
direct_week_ahead_missing_modality,2,week_plus_2,drop_unosat,model1,gru_hierarchical,valid,0.8268551236749117,0.8691358024691358,0.9243305597872576,0.9250684862638625,0.7234709927129808,0.7580862879870359,0.7602082762400658,0.7740585774058577,0.822594880847308,0.5870646766169154,0.8234217749313815,0.6102150537634409,6.9390497915555125,8.973898251490553,5.223163247455118,0.0
direct_week_ahead_missing_modality,2,week_plus_2,drop_unosat,model1,gru_hierarchical,test,0.8,0.8338278931750742,0.903882888509401,0.8709939853271541,0.6692960668893075,0.711711334078009,0.7168879283729546,0.7341176470588235,0.7951070336391437,0.4691358024691358,0.7991543340380549,0.5489655172413793,7.141888757510076,13.878547095435396,4.694529629789641,0.0
direct_week_ahead_missing_modality,2,week_plus_2,drop_unosat,model1,tcn_hierarchical,train,0.8464896755162242,0.8325423728813559,0.9406711662245044,0.9327725234006257,0.7269481531777566,0.7769644727940924,0.7601872246696035,0.7759317467444993,0.8363512128459173,0.5114155251141552,0.8463573822543659,0.6646848989298454,5.436101589947687,6.5293075251748425,3.984580532415862,0.0
direct_week_ahead_missing_modality,2,week_plus_2,drop_unosat,model1,tcn_hierarchical,valid,0.8344699318040918,0.8520859671302149,0.9202386290950479,0.8932928401049459,0.6875997862415526,0.7417040835489174,0.7182320441988951,0.7714285714285715,0.813126709206928,0.44370860927152317,0.8173258003766478,0.5924092409240924,8.303853984177557,9.51135826502244,5.630755684541805,0.0
direct_week_ahead_missing_modality,2,week_plus_2,drop_unosat,model1,tcn_hierarchical,test,0.8119891008174387,0.8132780082987552,0.9009653623228077,0.8434310524385651,0.6442620041067982,0.7051985595091937,0.6840564280010647,0.6946902654867256,0.7777777777777778,0.3649122807017544,0.7827027027027027,0.6012269938650306,7.828342828465682,14.233222255842719,4.756572541550791,0.0
direct_week_ahead_missing_modality,2,week_plus_2,full,model2,linear_hierarchical,train,0.8340484750086977,0.8455625436757512,0.9276255747893517,0.9343716601573454,0.7182720266874767,0.7721172960490473,0.767400250492038,0.7921882824236355,0.8194297782470961,0.45885769603097776,0.826066718386346,0.6948176583493282,3.7904532389367955,7198.68224368281,7196.965646175734,0.0
direct_week_ahead_missing_modality,2,week_plus_2,full,model2,linear_hierarchical,valid,0.8573273079406069,0.8835341365461847,0.935543922967718,0.9551603563761764,0.7089252546419245,0.7529893801008458,0.7453416149068323,0.7964601769911505,0.8027444253859348,0.4896265560165975,0.8034934497816594,0.6523016650342801,28.184787832172777,6179.98408751815,7217.744091509662,0.0
direct_week_ahead_missing_modality,2,week_plus_2,full,model2,linear_hierarchical,test,0.8161244695898161,0.8673621460506706,0.9211202884295857,0.9425837986615966,0.6899158508633524,0.7259205089459864,0.7206047032474804,0.8376068376068376,0.7631067961165049,0.4397905759162304,0.7706057596822244,0.6384692849949648,80.86913027146248,7210.689304702662,7274.298540340941,0.0
direct_week_ahead_missing_modality,2,week_plus_2,full,model2,lightgbm_hierarchical,train,0.9560150805438136,0.9895596913300045,0.9928332953227637,0.9994451521743731,0.9368781910837631,0.9383761676307115,0.9383484162895928,0.9986443741527339,0.9235797665369649,0.8843416370106761,0.9520797089988929,0.9257454687195479,1.6053982593490783,2.005218822578318,1.131477357366605,0.0
direct_week_ahead_missing_modality,2,week_plus_2,full,model2,lightgbm_hierarchical,valid,0.8468930172966047,0.8776041666666666,0.9407601863274018,0.9501572144968145,0.7402048503381359,0.780415104162662,0.7796791443850267,0.8326180257510729,0.8071111111111111,0.5170731707317073,0.8138297872340425,0.7303921568627451,3.1984685962338797,6.298928290748701,2.346328915623694,0.0
direct_week_ahead_missing_modality,2,week_plus_2,full,model2,lightgbm_hierarchical,test,0.8257142857142857,0.8435171385991058,0.9219799475226529,0.9340931291763382,0.7057848460754851,0.7490431673231815,0.7467838092249764,0.8284960422163589,0.7929901423877328,0.4419889502762431,0.7938257993384785,0.6716232961586122,3.685419077086119,9.357582519776246,2.2596984478104747,0.0
direct_week_ahead_missing_modality,2,week_plus_2,full,model2,catboost_hierarchical,train,0.885490836932415,0.9108518600044023,0.9606104973101288,0.977547733586134,0.8477204468102928,0.8636887552291461,0.8612805587892899,0.9367441860465117,0.8873367749772244,0.7247386759581882,0.8760413195601466,0.8137412775093934,1.8033826005714397,2.6006786474893104,1.3349568659968878,0.0
direct_week_ahead_missing_modality,2,week_plus_2,full,model2,catboost_hierarchical,valid,0.8593548387096774,0.883248730964467,0.9445724197215705,0.9550816034617173,0.7512257569251692,0.7904341667929865,0.7871841625423287,0.8370044052863436,0.8263069139966274,0.5412844036697247,0.8228678537956888,0.7286652078774617,3.4291159012850607,6.999259247467252,2.4657596143924154,0.0
direct_week_ahead_missing_modality,2,week_plus_2,full,model2,catboost_hierarchical,test,0.8172043010752689,0.846820809248555,0.9225175639850124,0.9393329898417466,0.7224377683233507,0.7586555076264444,0.7541179994010183,0.8555858310626703,0.7975460122699386,0.4827586206896552,0.8067796610169492,0.6695187165775401,3.8897618646372676,10.291799223486464,2.306555888416724,0.0
direct_week_ahead_missing_modality,2,week_plus_2,full,model2,gru_hierarchical,train,0.8376585592924474,0.8464011872372001,0.9340773098713864,0.9343433543808457,0.7202973527636158,0.7704899089976891,0.7641329085116068,0.7968085106382978,0.8218293620292083,0.47729468599033814,0.8263149531225171,0.6792392520377177,4.448297667361257,6.427708954316363,3.2802092065321595,0.0
direct_week_ahead_missing_modality,2,week_plus_2,full,model2,gru_hierarchical,valid,0.8543331284572834,0.8862115127175368,0.9397310842118612,0.9522596599949675,0.7264401275173313,0.7580721566058748,0.7516105941302792,0.7876106194690266,0.8116410670978172,0.5870646766169154,0.810675562969141,0.6352087114337568,6.6100724761760326,9.194075081099497,4.327536810017391,0.0
direct_week_ahead_missing_modality,2,week_plus_2,full,model2,gru_hierarchical,test,0.8129543952412426,0.863905325443787,0.9190327706151613,0.937491912714746,0.6901106727544323,0.7181106834111702,0.71413390010627,0.8089887640449438,0.7579329102447869,0.4971751412429379,0.7607476635514019,0.6257088846880907,6.131893743154519,13.848081288798111,3.6034522637039474,0.0
direct_week_ahead_missing_modality,2,week_plus_2,full,model2,tcn_hierarchical,train,0.8433195997645674,0.8094502097593288,0.9364848128767064,0.9317096988541091,0.7073348470490897,0.7621025218671218,0.7591847925424968,0.7586206896551724,0.8032093362509117,0.45984784446322907,0.8212666145426114,0.6937297503335239,4.0170021093454995,6.333957204191196,3.1551091817156114,0.0
direct_week_ahead_missing_modality,2,week_plus_2,full,model2,tcn_hierarchical,valid,0.8600508905852418,0.8628930817610063,0.9404858175395262,0.9449448351143493,0.7083711083545098,0.7444609231381124,0.7417027417027418,0.7677543186180422,0.7905511811023622,0.544,0.7973086627417998,0.6422413793103449,5.363328701860824,8.78674117017683,4.612832192820741,0.0
direct_week_ahead_missing_modality,2,week_plus_2,full,model2,tcn_hierarchical,test,0.8173913043478261,0.8156123822341858,0.915604399695773,0.9192965859142405,0.6780057667274131,0.7060955098711271,0.7049908544551868,0.710239651416122,0.7450302506482281,0.547085201793722,0.7556390977443609,0.6320346320346321,4.11513207996026,13.296631809487954,3.9692880388972456,0.0
direct_week_ahead_missing_modality,2,week_plus_2,drop_ntl,model2,linear_hierarchical,train,0.8347964884277733,0.8395604395604396,0.9268247855293659,0.9331313172196634,0.7113848925265,0.7707202329017421,0.7689049121225777,0.7935735150925024,0.8197911938266,0.42280285035629456,0.8263435849642746,0.6944133183928286,3.8024123908234584,4.461766791457001,7196.981407668223,0.0
direct_week_ahead_missing_modality,2,week_plus_2,drop_ntl,model2,linear_hierarchical,valid,0.8520408163265306,0.8826530612244898,0.9357082733932325,0.9549958339759123,0.7063621887866495,0.7512427234028167,0.7461035696329814,0.7841409691629956,0.803082191780822,0.49019607843137253,0.8028169014084507,0.6515748031496063,29.224429094791414,6.27680787736426,7218.365896713268,0.0
direct_week_ahead_missing_modality,2,week_plus_2,drop_ntl,model2,linear_hierarchical,test,0.8162124388539483,0.8551136363636364,0.9204224492189369,0.9424588375780022,0.6926700328325186,0.7276891947684712,0.7243607754987356,0.8435754189944135,0.7669902912621359,0.4444444444444444,0.7680157946692991,0.6403242147923,85.62668609658287,18.974421044578897,7279.751358276689,0.0
direct_week_ahead_missing_modality,2,week_plus_2,drop_ntl,model2,lightgbm_hierarchical,train,0.9261072261072261,0.9648755524540591,0.9801288104756437,0.9935839850894739,0.9028543655552843,0.9143279738916104,0.9128810588940645,0.9692442882249561,0.9278033794162827,0.8114961961115807,0.9232270657124269,0.882500898311175,1.741174955673703,2.2600704142429175,1.2700120231941465,0.0
direct_week_ahead_missing_modality,2,week_plus_2,drop_ntl,model2,lightgbm_hierarchical,valid,0.8532818532818532,0.8626373626373627,0.9413772566335824,0.9445521583325422,0.7428825599745196,0.7823905068759349,0.7795726941115164,0.8312236286919831,0.8157669237360754,0.5333333333333333,0.82483781278962,0.7092511013215859,3.2756953359353367,5.861068150107217,2.4407379474429844,0.0
direct_week_ahead_missing_modality,2,week_plus_2,drop_ntl,model2,lightgbm_hierarchical,test,0.8128571428571428,0.8521462639109698,0.9206054891158045,0.9358682752738562,0.6941706059825877,0.7402532430633307,0.7366855102648021,0.8088235294117647,0.782791185729276,0.4245810055865922,0.7938257993384785,0.6608315098468271,3.6355250175026623,8.98188712479928,2.2258221722943663,0.0
direct_week_ahead_missing_modality,2,week_plus_2,drop_ntl,model2,catboost_hierarchical,train,0.8770285714285714,0.8974302657588403,0.9548154797585631,0.9705254232629983,0.8207566164972805,0.8500790862680077,0.8451061133987964,0.9065004452359751,0.877557251908397,0.6481909160892995,0.8826761473820297,0.7888583218707015,1.8858365788879734,2.7285530643673144,1.4480329275944648,0.0
direct_week_ahead_missing_modality,2,week_plus_2,drop_ntl,model2,catboost_hierarchical,valid,0.8564167725540025,0.8753180661577609,0.9445543779162325,0.9533692016195184,0.7559863535062945,0.792651350191411,0.7868434472208057,0.853448275862069,0.8290598290598291,0.5542168674698795,0.8292237442922374,0.7139830508474576,3.59684529462406,6.0127941280858055,2.4963506908958615,0.0
direct_week_ahead_missing_modality,2,week_plus_2,drop_ntl,model2,catboost_hierarchical,test,0.817234190410007,0.8487518355359766,0.9226903269190485,0.9401241494278079,0.7179684384552038,0.7535999077369336,0.7468134414831982,0.8372093023255814,0.7868852459016393,0.49056603773584906,0.8078175895765473,0.6673640167364017,3.7678149167614086,9.66990576230892,2.166160673724749,0.0
direct_week_ahead_missing_modality,2,week_plus_2,drop_ntl,model2,gru_hierarchical,train,0.8469805527123848,0.8476306196840826,0.9380428464014743,0.9402785875203872,0.7420527383092723,0.7897829363275264,0.7892124918542283,0.8294531672983216,0.8359162805559993,0.499001996007984,0.841540711847879,0.7043515358361775,3.495230243683832,5.780263117387217,2.639345148790085,0.0
direct_week_ahead_missing_modality,2,week_plus_2,drop_ntl,model2,gru_hierarchical,valid,0.8522875816993464,0.8723135271807838,0.9391614083512735,0.9525738148620113,0.7369700884791979,0.7749344062217449,0.7728184553660983,0.8202764976958525,0.806530612244898,0.5374449339207048,0.8182572614107884,0.7023411371237458,5.533417526764908,8.489575972872636,3.8049927036785025,0.0
direct_week_ahead_missing_modality,2,week_plus_2,drop_ntl,model2,gru_hierarchical,test,0.823953823953824,0.8513119533527697,0.9188523391586216,0.9385425842445876,0.7089143257503363,0.7452540740069163,0.7445838084378563,0.8595505617977528,0.785646836638338,0.4540540540540541,0.780209324452902,0.6651108518086347,5.199408645546728,13.070315033300284,3.272023391141128,0.0
direct_week_ahead_missing_modality,2,week_plus_2,drop_ntl,model2,tcn_hierarchical,train,0.8411327093832494,0.8223075186272296,0.9336183316059599,0.9381084462442857,0.7229289559750923,0.7729199439858289,0.7696132596685082,0.7839622641509434,0.8263100606437568,0.49208025343189016,0.826237779880164,0.6860544217687075,3.730681787302328,6.0926024290200935,2.861123451021446,0.0
direct_week_ahead_missing_modality,2,week_plus_2,drop_ntl,model2,tcn_hierarchical,valid,0.8448717948717949,0.848180677540778,0.9290196522920484,0.9417801376100574,0.7141615746986176,0.7473687916979889,0.7437977099236641,0.7605042016806722,0.7971014492753623,0.5728155339805825,0.7986960065199674,0.6416906820365034,5.763646344269132,8.700392694718326,4.3978569581275435,0.0
direct_week_ahead_missing_modality,2,week_plus_2,drop_ntl,model2,tcn_hierarchical,test,0.8023952095808383,0.8222523744911805,0.9111407838687,0.9226143905407248,0.664934069189125,0.7015116420275562,0.7008016550297388,0.728110599078341,0.7468805704099821,0.4745762711864407,0.7486437613019892,0.6264591439688716,4.649210556842109,13.032070405727328,3.5663380574304355,0.0
direct_week_ahead_missing_modality,2,week_plus_2,drop_firms,model2,linear_hierarchical,train,0.8312348133421692,0.8455813953488373,0.9271097370914955,0.9338869807003459,0.7120062891000755,0.7703088054145837,0.7682261382950174,0.7909343200740055,0.8185386473429952,0.4300578034682081,0.8259587020648967,0.6945419725502713,3.8057261762682373,4.509802968867711,7197.005491481196,0.0
direct_week_ahead_missing_modality,2,week_plus_2,drop_firms,model2,linear_hierarchical,valid,0.8553459119496856,0.8879892037786775,0.9386119947939797,0.9564810545263559,0.7227567446726689,0.7618389326015801,0.756139915653684,0.8092243186582809,0.811044003451251,0.5284974093264249,0.8122270742358079,0.6527909176915799,28.224385363721314,6.279586683804577,7217.809880098619,0.0
direct_week_ahead_missing_modality,2,week_plus_2,drop_firms,model2,linear_hierarchical,test,0.8169979437971213,0.8665667166416792,0.9214196361257053,0.9418687442833908,0.6840705006910452,0.725152938660457,0.7231543624161074,0.8126649076517151,0.7621832358674464,0.425,0.773678963110668,0.6468253968253969,81.82437615827614,15.733399066512261,7274.374663359688,0.0
direct_week_ahead_missing_modality,2,week_plus_2,drop_firms,model2,lightgbm_hierarchical,train,0.952849622339208,0.9881061299176578,0.9923518847544557,0.9994552815932031,0.9397912558649513,0.9389561474913,0.938943817065742,0.9959404600811907,0.9329446064139941,0.9012797074954296,0.9405198532929357,0.9282716520412057,1.6636028648132715,2.3037643055667045,1.2034062119493723,0.0
direct_week_ahead_missing_modality,2,week_plus_2,drop_firms,model2,lightgbm_hierarchical,valid,0.8499050031665611,0.8794701986754967,0.9410256382871152,0.9539039382212782,0.7388632427545677,0.7804452445835987,0.7796520822351081,0.821505376344086,0.8089887640449438,0.5148514851485149,0.8125,0.7364705882352941,3.0902799207141918,6.333330581149675,2.359279248431472,0.0
direct_week_ahead_missing_modality,2,week_plus_2,drop_firms,model2,lightgbm_hierarchical,test,0.8236130867709816,0.8524096385542169,0.9198955416089766,0.933295699605131,0.7134223427726346,0.7544670662764984,0.7541497024741622,0.8279569892473119,0.7851063829787234,0.46060606060606063,0.7920792079207921,0.701363073110285,3.6405873806343396,8.094794851666387,2.2248552159632746,0.0
direct_week_ahead_missing_modality,2,week_plus_2,drop_firms,model2,catboost_hierarchical,train,0.887459054749649,0.9196141479099679,0.961008301834849,0.9775799299777491,0.8463326503014519,0.8650437859401927,0.8643410852713178,0.9301249421564091,0.8845627376425855,0.7169441723800196,0.889355516071717,0.8106758832565284,1.7928252556467654,2.6757979288412828,1.344334084602601,0.0
direct_week_ahead_missing_modality,2,week_plus_2,drop_firms,model2,catboost_hierarchical,valid,0.8536109303838647,0.8821192052980132,0.9431724507402596,0.9561072896151612,0.7529041090620394,0.7914241525691771,0.7909333333333334,0.847682119205298,0.823731728288908,0.5425531914893617,0.8307410795974383,0.7198124267291911,3.3760797078458116,7.522771853114522,2.512914375422307,0.0
direct_week_ahead_missing_modality,2,week_plus_2,drop_firms,model2,catboost_hierarchical,test,0.8215827338129497,0.8533333333333334,0.9234268599494471,0.9419962050211633,0.7211502335310631,0.7569457978937393,0.7568398401475561,0.8379888268156425,0.7959183673469388,0.4936708860759494,0.7987012987012987,0.6794717887154862,3.820031119511074,8.212518931121789,2.408671704301545,0.0
direct_week_ahead_missing_modality,2,week_plus_2,drop_firms,model2,gru_hierarchical,train,0.8423336547733847,0.8525081108060893,0.9368900216260642,0.9404957465459263,0.7388854862043328,0.7884039642935867,0.7844417767106843,0.8140108534780464,0.8285490196078431,0.4943625325238508,0.8387307818122343,0.7187742435996897,3.2189062936439696,5.57654176734307,2.4904886234061636,0.0
direct_week_ahead_missing_modality,2,week_plus_2,drop_firms,model2,gru_hierarchical,valid,0.8471781864299303,0.8674698795180723,0.935580030143023,0.9494455907730254,0.7373944929957947,0.7676641374218712,0.763627229339362,0.8355555555555556,0.802013422818792,0.5663716814159292,0.8051724137931034,0.6778593913955928,4.940375112323632,7.89704420736866,3.6019485781694756,0.0
direct_week_ahead_missing_modality,2,week_plus_2,drop_firms,model2,gru_hierarchical,test,0.8232876712328767,0.8470588235294118,0.9215412333166464,0.9370986337062285,0.7028977101103192,0.7403744495961138,0.73745494871084,0.8311688311688312,0.7875354107648725,0.4630541871921182,0.7884057971014493,0.6443243243243243,4.659966012226032,12.611267677357567,3.293839626178777,0.0
direct_week_ahead_missing_modality,2,week_plus_2,drop_firms,model2,tcn_hierarchical,train,0.8431762366974623,0.8525428060311782,0.9395062556178511,0.9413279424455717,0.7258924732671113,0.7758888668133344,0.7689662972178241,0.7905027932960894,0.8311769290724864,0.49478079331941544,0.8351827676240209,0.677819083023544,3.232676999035951,5.77508689344914,2.5714762823689212,0.0
direct_week_ahead_missing_modality,2,week_plus_2,drop_firms,model2,tcn_hierarchical,valid,0.8514106583072101,0.8792401628222524,0.9342900373241637,0.9516703728490221,0.7204936155809181,0.7540692513806867,0.7466346153846154,0.8091286307053942,0.8003300330033003,0.5510204081632653,0.8048993875765529,0.637089618456078,5.00458476443245,8.09584933328109,3.7922089955648968,0.0
direct_week_ahead_missing_modality,2,week_plus_2,drop_firms,model2,tcn_hierarchical,test,0.8194726166328601,0.8738738738738738,0.9186468820668862,0.9410313142965052,0.6871693982572344,0.7242101806808499,0.7192328183271177,0.8067632850241546,0.776844070961718,0.4581005586592179,0.7783251231527094,0.6158139534883721,3.7782620105646023,12.31776529379087,3.1533845468904693,0.0
direct_week_ahead_missing_modality,2,week_plus_2,drop_ntl_firms,model2,linear_hierarchical,train,0.8279831746734558,0.8462255358807083,0.92617961139373,0.9326138638699529,0.7174169480609207,0.7722601255896632,0.7667213332742343,0.7897911832946636,0.8186356073211315,0.4549590536851683,0.8282828282828283,0.6954160677208113,3.81881902021448,4.507600153159231,7197.027966850028,0.0
direct_week_ahead_missing_modality,2,week_plus_2,drop_ntl_firms,model2,linear_hierarchical,valid,0.8562421185372006,0.8906882591093117,0.9386512820048809,0.9565819272668994,0.7238658462800247,0.7621722085193783,0.7551020408163265,0.8051948051948052,0.8096885813148789,0.5357142857142857,0.8129938542581212,0.6557377049180327,29.349476488107623,6.033981583659948,7218.539173940609,0.0
direct_week_ahead_missing_modality,2,week_plus_2,drop_ntl_firms,model2,linear_hierarchical,test,0.8169979437971213,0.8682634730538922,0.9203910292885851,0.941711508335855,0.6937211450384341,0.7282262598385666,0.7242432657595113,0.8198433420365535,0.7653359298928919,0.4656084656084656,0.7725918570009931,0.6452261306532663,86.81539274285855,17.856871107447095,7280.685226107907,0.0
direct_week_ahead_missing_modality,2,week_plus_2,drop_ntl_firms,model2,lightgbm_hierarchical,train,0.8849915682967959,0.9343869731800766,0.9622461889531142,0.9847242382407653,0.8757204084715566,0.8871114050336323,0.8870040523984545,0.9577836411609498,0.897125567322239,0.7758775877587759,0.9088863892013498,0.8389288569144684,1.8132428310838218,2.798458755549004,1.3712879272594432,0.0
direct_week_ahead_missing_modality,2,week_plus_2,drop_ntl_firms,model2,lightgbm_hierarchical,valid,0.853182104599874,0.8660968660968661,0.9382497513947538,0.9485855199125282,0.74296656369977,0.7832291556785087,0.7834719613630265,0.8157894736842105,0.8201193520886616,0.5380710659898477,0.8206521739130435,0.7202007528230866,3.2156339652077937,6.405249519812444,2.431486234772024,0.0
direct_week_ahead_missing_modality,2,week_plus_2,drop_ntl_firms,model2,lightgbm_hierarchical,test,0.8103568929321203,0.856687898089172,0.916998127451192,0.9360558792820718,0.7105900088663208,0.7526409127476816,0.7556094602789569,0.8181818181818182,0.7844660194174757,0.4605263157894737,0.8008298755186722,0.6889460154241646,3.527638503299745,7.254785640592331,2.1009326545898963,0.0
direct_week_ahead_missing_modality,2,week_plus_2,drop_ntl_firms,model2,catboost_hierarchical,train,0.8650503708623934,0.8973897389738974,0.9524817050135161,0.9674880682446099,0.8082706467057292,0.8434147339009849,0.8407047164617361,0.881729920564872,0.8728470870151266,0.6212765957446809,0.8822310756972112,0.7832685545067555,1.9077246140488053,2.92747573464513,1.4608346246474424,0.0
direct_week_ahead_missing_modality,2,week_plus_2,drop_ntl_firms,model2,catboost_hierarchical,valid,0.8555486670799752,0.8776041666666666,0.9420140471239117,0.9532040952890247,0.7597018855944182,0.7928554962108199,0.7903941529626729,0.8400852878464818,0.8296041308089501,0.586046511627907,0.8309090909090909,0.711864406779661,3.445032642331997,5.740565566641523,2.4941316733215304,0.0
direct_week_ahead_missing_modality,2,week_plus_2,drop_ntl_firms,model2,catboost_hierarchical,test,0.8174273858921162,0.8455772113943029,0.9205252456189263,0.940071360332152,0.7151135859653969,0.7535399583170432,0.7519858781994704,0.825974025974026,0.7859237536656891,0.4791666666666667,0.800417972831766,0.684085510688836,3.6204751335242498,22.75003453359622,2.293974108036407,0.0
direct_week_ahead_missing_modality,2,week_plus_2,drop_ntl_firms,model2,gru_hierarchical,train,0.8388728323699421,0.84688381636317,0.9323088990370587,0.9319160692900111,0.7300542115625915,0.7785192339354711,0.7739705440336639,0.7935517420696828,0.8203273040482343,0.5019305019305019,0.8384279475982532,0.6960335621662853,4.622813673586581,6.485528253542346,3.3930712186604484,0.0
direct_week_ahead_missing_modality,2,week_plus_2,drop_ntl_firms,model2,gru_hierarchical,valid,0.8490920475892298,0.8775235531628532,0.9376215390071718,0.9524709661869636,0.7179478178004695,0.7508563333033608,0.744916344916345,0.7863636363636364,0.7894257064721969,0.5575221238938053,0.7978910369068541,0.6585365853658537,6.420524901862364,9.124707111689201,4.425576541206809,0.0
direct_week_ahead_missing_modality,2,week_plus_2,drop_ntl_firms,model2,gru_hierarchical,test,0.8157715839564922,0.8562962962962963,0.9206390152233956,0.9379231647274128,0.713801976491989,0.7423580997031065,0.7371495327102804,0.8454810495626822,0.7892561983471075,0.5106382978723404,0.782608695652174,0.6410256410256411,6.0627519611958745,13.798755971026827,3.8718652419524995,0.0
direct_week_ahead_missing_modality,2,week_plus_2,drop_ntl_firms,model2,tcn_hierarchical,train,0.8438952777098117,0.8535777947542653,0.9358267178171468,0.9405759444244678,0.740952207279589,0.7886248934747926,0.7840087189140988,0.808199121522694,0.8303898700433189,0.5107252298263534,0.8384588193708024,0.7169879956347763,3.2646556500187307,5.721619269728303,2.522762287895972,0.0
direct_week_ahead_missing_modality,2,week_plus_2,drop_ntl_firms,model2,tcn_hierarchical,valid,0.84940138626339,0.8746594005449592,0.9369618741637227,0.9545853419019956,0.7372878027864738,0.7659726685279202,0.7603053435114504,0.8316008316008316,0.8017316017316017,0.58,0.8097014925373134,0.6634050880626223,4.688872387158047,8.011639173851988,3.5056917657095146,0.0
direct_week_ahead_missing_modality,2,week_plus_2,drop_ntl_firms,model2,tcn_hierarchical,test,0.8131868131868132,0.8736681887366818,0.9213448625961683,0.9439161879202075,0.7193376287904681,0.7505704386446151,0.7457724276296933,0.828125,0.7944389275074478,0.5222222222222223,0.8050847457627118,0.6468172484599589,3.806567276377253,12.283956772051322,2.892764291224992,0.0
direct_week_ahead_missing_modality,2,week_plus_2,drop_unosat,model2,linear_hierarchical,train,0.8331207236460628,0.8418105459636024,0.9267809812559828,0.9325737619975037,0.7071654332456199,0.7674798763168251,0.7652283691780513,0.7912646013204673,0.8158571644726887,0.4129181084198385,0.8241299303944316,0.6916573616206732,3.7669997294160518,7199.447781919191,7196.98724800814,0.0
direct_week_ahead_missing_modality,2,week_plus_2,drop_unosat,model2,linear_hierarchical,valid,0.8497743391360413,0.8861788617886179,0.9347736405309643,0.9532867063246907,0.7036007781051934,0.747840782282896,0.7415338645418327,0.7818181818181819,0.7986406117247239,0.49074074074074076,0.8013937282229965,0.6454106280193237,25.407950408771445,7202.243300198084,7214.879421230744,0.0
direct_week_ahead_missing_modality,2,week_plus_2,drop_unosat,model2,linear_hierarchical,test,0.8146582100070472,0.8703427719821163,0.9208258473195801,0.9440390604630609,0.6774942062238444,0.7191652086868445,0.715086932136848,0.8242074927953891,0.7594202898550725,0.4046242774566474,0.771964461994077,0.627254509018036,74.291763374547,7222.67900446941,7264.038727467371,0.0
direct_week_ahead_missing_modality,2,week_plus_2,drop_unosat,model2,lightgbm_hierarchical,train,0.9547093285263633,0.9906499429874572,0.9927368765809831,0.9994197284426586,0.9485893583729936,0.9550965701561726,0.9546833348653369,0.9995477159656264,0.9613046701260193,0.8861209964412812,0.9582486317435497,0.9377247775884914,1.6183332420063836,2.0044523376176073,1.1679639555383392,0.0
direct_week_ahead_missing_modality,2,week_plus_2,drop_unosat,model2,lightgbm_hierarchical,valid,0.8518057285180572,0.8722002635046113,0.9404326162537893,0.9491086281180584,0.7408533121466986,0.7822599992065421,0.781354622714396,0.8253275109170306,0.8023064250411862,0.5167464114832536,0.8241469816272966,0.7357392316647264,3.152689059509684,6.167817799601767,2.3117143565074434,0.0
direct_week_ahead_missing_modality,2,week_plus_2,drop_unosat,model2,lightgbm_hierarchical,test,0.826963168867269,0.8489425981873112,0.921301466034854,0.9344419856640149,0.7085686167006531,0.7480533054439112,0.7458745874587459,0.8297872340425532,0.7911200807265388,0.46236559139784944,0.790547798066595,0.6690223792697291,3.708715762621266,9.147966341716637,2.2809716259378083,0.0
direct_week_ahead_missing_modality,2,week_plus_2,drop_unosat,model2,catboost_hierarchical,train,0.885190976100067,0.9144276360352224,0.9608736399304598,0.9769030629841553,0.849535390481153,0.8685212827249593,0.8682367320077093,0.9263531499556344,0.8928678006565205,0.7246111619396157,0.8891038039974211,0.8147410358565738,1.799899500230773,2.6015958846337828,1.35748929255906,0.0
direct_week_ahead_missing_modality,2,week_plus_2,drop_unosat,model2,catboost_hierarchical,valid,0.8557336621454994,0.888030888030888,0.9431149294876688,0.9538753992142904,0.7533595110243109,0.790562466569962,0.791633571617686,0.8522483940042827,0.8184818481848185,0.5416666666666666,0.8230008984725966,0.7313997477931904,3.55442594455573,6.808110638304714,2.636055223047232,0.0
direct_week_ahead_missing_modality,2,week_plus_2,drop_unosat,model2,catboost_hierarchical,test,0.8267394270122783,0.8521229868228404,0.9230238080586298,0.9397558809798507,0.7182626413230884,0.7524234983720549,0.7532070861331704,0.8390501319261213,0.7967806841046278,0.4968944099378882,0.7943722943722944,0.6642156862745098,3.964677843759017,10.291651093332014,2.3616964930190294,0.0
direct_week_ahead_missing_modality,2,week_plus_2,drop_unosat,model2,gru_hierarchical,train,0.8408114558472554,0.8405797101449275,0.934619511049315,0.9384147281261263,0.731421383857476,0.7833321746928537,0.7807336337645976,0.7756030951297224,0.8316162266580811,0.5025536261491318,0.8366122040680227,0.7107217672824224,3.9320860630078136,6.148774818946348,2.897691308566632,0.0
direct_week_ahead_missing_modality,2,week_plus_2,drop_unosat,model2,gru_hierarchical,valid,0.8471337579617835,0.8582995951417004,0.9349943450995861,0.947077044941023,0.7285863810584794,0.75635143192091,0.7537138389366693,0.7966804979253111,0.7975460122699386,0.5979381443298969,0.809009009009009,0.6417582417582418,6.497324004999708,8.990465245301372,4.237670336163722,0.0
direct_week_ahead_missing_modality,2,week_plus_2,drop_unosat,model2,gru_hierarchical,test,0.8075117370892019,0.8483965014577259,0.9157593456475545,0.9332380198892767,0.6970855816163776,0.7295404011146202,0.7279229711141678,0.7636363636363637,0.7793696275071633,0.5251396648044693,0.7807276302851525,0.6365546218487395,5.62488925505851,13.547679825176434,3.4550394100459516,0.0
direct_week_ahead_missing_modality,2,week_plus_2,drop_unosat,model2,tcn_hierarchical,train,0.8357727325112366,0.8467842066054134,0.9350461996623711,0.9345717470181307,0.7070623805958464,0.7700584583311663,0.764181369759059,0.7430795847750865,0.8357723577235773,0.44358974358974357,0.8310665712240516,0.6818036456667733,3.5225066372235476,6.134416763768728,2.8895818214960327,0.0
direct_week_ahead_missing_modality,2,week_plus_2,drop_unosat,model2,tcn_hierarchical,valid,0.8533007334963325,0.8706199460916442,0.9362385516520838,0.946503915937121,0.7020113866825506,0.7440561406212516,0.7365780230807827,0.7602339181286549,0.7955133735979293,0.5153374233128835,0.8050436469447139,0.6339285714285714,4.874799209184259,8.55521572735787,4.2072964440521305,0.0
direct_week_ahead_missing_modality,2,week_plus_2,drop_unosat,model2,tcn_hierarchical,test,0.8152454780361758,0.8379562043795621,0.9167891636547869,0.927539300867331,0.6633932476567652,0.7191757988751672,0.7139337530796606,0.7309417040358744,0.7636363636363637,0.389937106918239,0.8055853920515574,0.6268656716417911,3.838736919518028,12.996664816206696,3.795339066251628,0.0
direct_week_ahead_missing_modality,3,week_plus_3,full,model1,linear_hierarchical,train,0.710319195452558,0.6677733969703258,0.7946813452139256,0.7177330986184017,0.5483089301624906,0.5776028353472236,0.5723762376237623,0.6022727272727273,0.5790710283752033,0.3835246455097907,0.5875427269274591,0.5891335227272727,7.685867138368152,7201.0613644442565,7199.612259813374,0.0
direct_week_ahead_missing_modality,3,week_plus_3,full,model1,linear_hierarchical,valid,0.7431566686080373,0.6888633754305397,0.837644158260362,0.7753798803623294,0.5742081605371576,0.6155031748053433,0.606123508043591,0.6307692307692307,0.6545454545454545,0.36789297658862874,0.6523016650342801,0.5655314757481941,12.808754898981915,7205.23727137097,7201.90912815838,0.0
direct_week_ahead_missing_modality,3,week_plus_3,full,model1,linear_hierarchical,test,0.7446153846153846,0.651017214397496,0.831202674479775,0.6833971707373138,0.5483932521656442,0.5777597699893744,0.572338167668907,0.5953757225433526,0.581913499344692,0.38392857142857145,0.5909712722298222,0.5897771952817824,11.963789129665443,7209.269161630408,7200.528245233301,0.0
direct_week_ahead_missing_modality,3,week_plus_3,full,model1,lightgbm_hierarchical,train,0.9452318857013267,0.9801174875734298,0.9895434415327515,0.9986090297958259,0.9272000040269418,0.9203179416568656,0.9178369221167135,0.9977507872244714,0.9122369446609508,0.9144981412639405,0.9565350944555367,0.8549790525298099,1.9816433554289863,2.362875769244079,1.3696927539417965,0.0
direct_week_ahead_missing_modality,3,week_plus_3,full,model1,lightgbm_hierarchical,valid,0.8170426065162907,0.8501291989664083,0.9163722360112074,0.9090114035218355,0.7052596340325978,0.7477732150947576,0.7447187579536778,0.7421686746987952,0.7978436657681941,0.5154639175257731,0.8003457216940363,0.6704761904761904,4.893896697140107,8.525692402472693,3.7409174011935127,0.0
direct_week_ahead_missing_modality,3,week_plus_3,full,model1,lightgbm_hierarchical,test,0.8013029315960912,0.8019966722129783,0.9054714257141792,0.8126627174260448,0.6811972885104721,0.7269978903107255,0.7202124128775307,0.6973684210526315,0.78239608801956,0.49333333333333335,0.7938751472320377,0.6390134529147982,5.530992322455527,11.746192605339441,3.7153969493787504,0.0
direct_week_ahead_missing_modality,3,week_plus_3,full,model1,catboost_hierarchical,train,0.8839244587747582,0.9059714795008913,0.9595321577645919,0.9738241266112392,0.8380935217535447,0.8614718063923289,0.8587159302907585,0.9250225835591689,0.8784764207980653,0.6868044515103339,0.8903685351502013,0.809795617749954,2.2722993222091574,3.1712832729322806,1.7167219305042771,0.0
direct_week_ahead_missing_modality,3,week_plus_3,full,model1,catboost_hierarchical,valid,0.8250319284802043,0.8697850821744627,0.9211862222989257,0.9213080694305774,0.7243164963558202,0.765447793390426,0.7644747183652083,0.7744874715261959,0.8207792207792208,0.5350877192982456,0.8175438596491228,0.6736842105263158,5.081287476289946,8.477081615240655,3.6719519881787783,0.0
direct_week_ahead_missing_modality,3,week_plus_3,full,model1,catboost_hierarchical,test,0.804635761589404,0.8098360655737705,0.9118493991333895,0.8467060015416014,0.6867766205732544,0.7339865217233411,0.7307300509337861,0.7249190938511327,0.7926267281105991,0.47904191616766467,0.8037383177570093,0.6335570469798658,5.516059161065474,11.541462486718286,3.6518750657543313,0.0
direct_week_ahead_missing_modality,3,week_plus_3,full,model1,gru_hierarchical,train,0.838820121148275,0.8430057803468208,0.9416836796336014,0.9462162775969087,0.7577404487575448,0.7975671494221026,0.7938900813657466,0.8552631578947368,0.8310220852593734,0.5365321701199564,0.8442918454935622,0.721592985020095,4.452769590347996,6.058229526713672,3.283538480150902,0.0
direct_week_ahead_missing_modality,3,week_plus_3,full,model1,gru_hierarchical,valid,0.8429967426710098,0.8634146341463415,0.9222022881088865,0.9245275788146599,0.711144881998986,0.7571769330314467,0.7525150905432596,0.7565217391304347,0.824360105913504,0.5133689839572193,0.8296943231441049,0.6317792578496669,6.903005736668215,9.076916199864627,4.808248377702155,0.0
direct_week_ahead_missing_modality,3,week_plus_3,full,model1,gru_hierarchical,test,0.8166259168704156,0.808641975308642,0.9065966938368798,0.8612528745573862,0.6733970772847174,0.7175279797305124,0.7130488559059988,0.7223719676549866,0.7712707182320442,0.46835443037974683,0.778021978021978,0.6269662921348315,7.096829266944117,14.006111937610658,4.254470010718682,0.0
direct_week_ahead_missing_modality,3,week_plus_3,full,model1,tcn_hierarchical,train,0.8472781677983657,0.8513064133016627,0.9441111776511812,0.9447771653481529,0.75621298430925,0.7962195236881515,0.7909692487349164,0.8430675469781616,0.8357084357084357,0.5439093484419264,0.8424459206268098,0.7159336697909157,4.762800391558196,6.198294482681253,3.531273534617617,0.0
direct_week_ahead_missing_modality,3,week_plus_3,full,model1,tcn_hierarchical,valid,0.8305084745762712,0.8571428571428571,0.9223971186135096,0.9058558800497312,0.7095325286446721,0.753747060509115,0.7509025270758123,0.7370892018779343,0.8142361111111112,0.5247524752475248,0.8150807899461401,0.6565040650406504,7.333591179629824,9.380771701762782,5.073971460076737,0.0
direct_week_ahead_missing_modality,3,week_plus_3,full,model1,tcn_hierarchical,test,0.8130081300813008,0.8194662480376766,0.902790142443888,0.8565777076557028,0.6655410981769289,0.7161867384927424,0.711581649021495,0.6974063400576369,0.7779005524861878,0.4444444444444444,0.7761194029850746,0.6318347509113001,7.317187513910514,14.170942574160536,4.370534067409104,0.0
direct_week_ahead_missing_modality,3,week_plus_3,drop_ntl,model1,linear_hierarchical,train,0.6956331877729257,0.6412245753826799,0.786798034391743,0.704781687442241,0.5723896397003021,0.616271028044506,0.6135128325114286,0.5974483062032556,0.6586768935762224,0.38738738738738737,0.65669099756691,0.5617446137677351,7.7708989202742265,7201.140278928797,7199.771761329605,0.0
direct_week_ahead_missing_modality,3,week_plus_3,drop_ntl,model1,linear_hierarchical,valid,0.7567567567567568,0.6871310507674144,0.8423971432466165,0.7714798392053647,0.5902165197585676,0.6243347405135646,0.6204394275347712,0.6531440162271805,0.6589358799454298,0.41237113402061853,0.659233449477352,0.567398119122257,11.517255937632868,7011.247084916433,7201.684855264699,0.0
direct_week_ahead_missing_modality,3,week_plus_3,drop_ntl,model1,linear_hierarchical,test,0.7389620449264136,0.6275752773375595,0.8244891754939456,0.6739263006844216,0.5738340702953242,0.6165749627487753,0.6146109052408681,0.5958702064896755,0.6576819407008087,0.3827751196172249,0.6521344232515894,0.5807086614173228,11.232253193172921,7209.115996712316,7200.509484941217,0.0
direct_week_ahead_missing_modality,3,week_plus_3,drop_ntl,model1,lightgbm_hierarchical,train,0.914513804191152,0.9362657091561939,0.9738634103186778,0.9849923158625854,0.8382746078916693,0.8852698904222281,0.8721639531311712,0.9645131938125568,0.9166666666666666,0.5606936416184971,0.91808,0.8314195373606257,2.2073467202674415,2.8189203912088185,1.6680425020432859,0.0
direct_week_ahead_missing_modality,3,week_plus_3,drop_ntl,model1,lightgbm_hierarchical,valid,0.8203221809169765,0.8341968911917098,0.918889892763304,0.9022346734751631,0.6915563418633466,0.7451838359362537,0.7364476642518112,0.7523364485981309,0.8017094017094017,0.43866171003717475,0.8061594202898551,0.6589147286821705,5.533907546647208,8.280620449648124,4.247103732284472,0.0
direct_week_ahead_missing_modality,3,week_plus_3,drop_ntl,model1,lightgbm_hierarchical,test,0.8050314465408805,0.8052805280528053,0.9072811857801197,0.8410236824581163,0.6755346810356497,0.7293253835222554,0.7155844155844155,0.7603833865814696,0.7770114942528735,0.3983050847457627,0.7887667887667887,0.6532066508313539,5.479944396842282,11.838027144868516,3.7402297451106747,0.0
direct_week_ahead_missing_modality,3,week_plus_3,drop_ntl,model1,catboost_hierarchical,train,0.8691158296820582,0.8791639451338994,0.9505849145791283,0.9631308349657923,0.8080961619548651,0.8333367464583462,0.8297776980996773,0.8864818024263431,0.8604507564062982,0.6606060606060606,0.8700887198986058,0.762853470437018,2.4380111790721037,3.430432135173713,1.963752965548394,0.0
direct_week_ahead_missing_modality,3,week_plus_3,drop_ntl,model1,catboost_hierarchical,valid,0.8308080808080808,0.8589420654911839,0.923409966009705,0.9194254204549476,0.7193479647107406,0.7625250140641013,0.7585681645087585,0.7787234042553192,0.8176991150442477,0.5164835164835165,0.8203266787658802,0.6635071090047393,5.681328412102101,8.55138828126712,4.246566452067019,0.0
direct_week_ahead_missing_modality,3,week_plus_3,drop_ntl,model1,catboost_hierarchical,test,0.814874696847211,0.8210180623973727,0.9116255792435395,0.8642201513967666,0.6902541097853933,0.7386633560599836,0.7343283582089553,0.7267441860465116,0.7981330221703618,0.47761194029850745,0.8057553956834532,0.6430260047281324,5.51854728852266,11.654433100505267,3.7114129733432493,0.0
direct_week_ahead_missing_modality,3,week_plus_3,drop_ntl,model1,gru_hierarchical,train,0.8430385813563384,0.823608920928137,0.9338455881654151,0.9310829886266513,0.7272378824528104,0.7778526944618471,0.7705514331441874,0.7641764176417641,0.8303236797274276,0.5129310344827587,0.8385490753911806,0.6902092050209205,5.008038515732362,6.350025428744233,3.7531678147341805,0.0
direct_week_ahead_missing_modality,3,week_plus_3,drop_ntl,model1,gru_hierarchical,valid,0.8317929759704251,0.8616504854368932,0.9198769633411547,0.907469002917362,0.7128189003557568,0.7488494888951448,0.7401215805471124,0.7707509881422925,0.8114075436982521,0.550561797752809,0.8117313150425733,0.6196428571428572,7.450814359887068,9.405478822092451,5.238024601328415,0.0
direct_week_ahead_missing_modality,3,week_plus_3,drop_ntl,model1,gru_hierarchical,test,0.8124031007751938,0.8367029548989113,0.9094104484545986,0.8523651615374668,0.6873264764770932,0.7335640333169268,0.7250639386189258,0.7313432835820896,0.8060747663551402,0.4852941176470588,0.8053204353083434,0.6085997794928335,7.4701889626766995,14.19872883127934,4.545116578646018,0.0
direct_week_ahead_missing_modality,3,week_plus_3,drop_ntl,model1,tcn_hierarchical,train,0.8439581351094196,0.8312947149780753,0.9353598964398571,0.9331303752200195,0.7292550677228979,0.7760944294029741,0.7688857074683846,0.7687555163283318,0.8222073129822207,0.525560538116592,0.8298898071625345,0.6998621640248105,4.831085103322724,6.358580574561749,3.5810348157167837,0.0
direct_week_ahead_missing_modality,3,week_plus_3,drop_ntl,model1,tcn_hierarchical,valid,0.8306748466257668,0.8460575719649562,0.9192857084020829,0.9197375470931002,0.7166226188752799,0.7589996479054686,0.7506849315068493,0.783625730994152,0.8242640499553969,0.5209302325581395,0.8272058823529411,0.62708719851577,7.552247182502196,9.548290525625719,5.0230711917727415,0.0
direct_week_ahead_missing_modality,3,week_plus_3,drop_ntl,model1,tcn_hierarchical,test,0.8176964149504196,0.8167701863354038,0.9026925754549636,0.8745476149560456,0.6644064183747057,0.7118584743010753,0.7043795620437956,0.7146282973621103,0.7714285714285715,0.4444444444444444,0.7704545454545455,0.6210762331838565,7.359477086855282,14.205566934487182,4.355240267018206,0.0
direct_week_ahead_missing_modality,3,week_plus_3,drop_firms,model1,linear_hierarchical,train,0.7050499176117089,0.6476409666283084,0.7765508225556895,0.6959920841225355,0.5478867973427726,0.5918482916960759,0.5878821160534505,0.513986013986014,0.6237060041407867,0.3989033584647019,0.6246433203631647,0.5781952897591955,7.8850358184858615,7201.46179286348,7199.697443652873,0.0
direct_week_ahead_missing_modality,3,week_plus_3,drop_firms,model1,linear_hierarchical,valid,0.7332259796027912,0.6071428571428571,0.7979226597508575,0.6629697012641926,0.5572910745430945,0.5976507003124453,0.5947063688999172,0.5308219178082192,0.637444279346211,0.4072727272727273,0.6349670811997074,0.5759493670886076,10.376417421212395,7205.839613225523,7201.055102662256,0.0
direct_week_ahead_missing_modality,3,week_plus_3,drop_firms,model1,linear_hierarchical,test,0.7424561403508771,0.5665529010238908,0.8119633750451671,0.5993820314765352,0.5485924596849575,0.5908776973276665,0.5891684901531729,0.5073891625615764,0.6176470588235294,0.3961352657004831,0.6177908113391984,0.604,9.908884583992288,7208.71622863499,7200.064103685325,0.0
direct_week_ahead_missing_modality,3,week_plus_3,drop_firms,model1,lightgbm_hierarchical,train,0.9327100771823025,0.9508551634552933,0.9879514288870007,0.9980166978827651,0.9104047032620877,0.9157191782657845,0.9115968747256606,0.9906208128628852,0.9432120674356699,0.8442553191489361,0.9333969162295342,0.8405384006334126,2.1038282766147955,2.789989780276382,1.5235158722677342,0.0
direct_week_ahead_missing_modality,3,week_plus_3,drop_firms,model1,lightgbm_hierarchical,valid,0.8204819277108434,0.854320987654321,0.9187503128688274,0.9039355405685094,0.708996783707674,0.7500233353559731,0.7442211055276382,0.7251732101616628,0.8065068493150684,0.5446009389671361,0.8100092678405931,0.6586936522539099,5.357656303724296,8.638207902732587,3.904241943683354,0.0
direct_week_ahead_missing_modality,3,week_plus_3,drop_firms,model1,lightgbm_hierarchical,test,0.8119590873328089,0.8070739549839229,0.9074547781211582,0.8069444766999827,0.6916246384283286,0.73960618020672,0.7318840579710145,0.7261146496815286,0.7945205479452054,0.47953216374269003,0.8019925280199253,0.6559633027522935,5.710414484853499,11.955109117554889,3.8130659044005584,0.0
direct_week_ahead_missing_modality,3,week_plus_3,drop_firms,model1,catboost_hierarchical,train,0.8782255407927968,0.879949184840144,0.959705074953094,0.9722513328890108,0.8231707619510857,0.8484162763203993,0.8437855331059214,0.8896349139739824,0.8786319612590799,0.6863084922010398,0.88854393045638,0.7727345118649467,2.3393928596546067,3.4434725020050774,1.7891094968203296,0.0
direct_week_ahead_missing_modality,3,week_plus_3,drop_firms,model1,catboost_hierarchical,valid,0.8230958230958231,0.8602941176470589,0.9197447641902957,0.9148917293075247,0.7240269317109901,0.7602214842235286,0.7554993678887484,0.7435897435897436,0.8169761273209549,0.5794392523364486,0.8154121863799283,0.6647173489278753,5.078279976996539,8.439243403236851,3.7166614429010107,0.0
direct_week_ahead_missing_modality,3,week_plus_3,drop_firms,model1,catboost_hierarchical,test,0.8136399682791435,0.8267090620031796,0.9124811707800778,0.851556495733205,0.6984902497377374,0.7389330525695329,0.7337704918032787,0.7402985074626866,0.7944572748267898,0.5157232704402516,0.7976608187134503,0.644311377245509,5.633606991673183,11.51625022823344,3.65266439476552,0.0
direct_week_ahead_missing_modality,3,week_plus_3,drop_firms,model1,gru_hierarchical,train,0.8529340150961773,0.816542014958205,0.9406984702275599,0.9361513365810318,0.7206668972285861,0.7827686215352799,0.7727314601566099,0.7200312377977353,0.8328836692588478,0.4821958456973294,0.8438030560271647,0.7244206773618538,4.539182016247436,6.122048865613943,3.3162945130393156,0.0
direct_week_ahead_missing_modality,3,week_plus_3,drop_firms,model1,gru_hierarchical,valid,0.8284250960307298,0.8716707021791767,0.9168594797329213,0.9255577252843462,0.7245069523607336,0.7604492747125894,0.7572181772533266,0.7689393939393939,0.8089500860585198,0.5636363636363636,0.8191681735985533,0.6618407445708376,7.273335618437215,9.418263333501963,4.8673317873400155,0.0
direct_week_ahead_missing_modality,3,week_plus_3,drop_firms,model1,gru_hierarchical,test,0.8194888178913738,0.8448540706605223,0.9153703166585789,0.8887940210671884,0.6933633333470015,0.7310953298309929,0.7271577616187164,0.7354497354497355,0.7737704918032787,0.5168539325842697,0.78300803673938,0.6577344701583435,6.951773868561248,14.040781805973594,4.176424687916533,0.0
direct_week_ahead_missing_modality,3,week_plus_3,drop_firms,model1,tcn_hierarchical,train,0.8405527813262107,0.8305632502308402,0.9371060898965929,0.9285685658161034,0.7193356987535559,0.7695663971695008,0.7587666820064427,0.7541268462206777,0.8292116182572614,0.5129358830146231,0.8378801042571676,0.66252404201805,5.15850291650153,6.501580289062009,3.741906321986615,0.0
direct_week_ahead_missing_modality,3,week_plus_3,drop_firms,model1,tcn_hierarchical,valid,0.8305489260143198,0.8722358722358723,0.9207662780417335,0.8895672563714779,0.7268449742854811,0.7601471884105768,0.7459899449365573,0.8024193548387096,0.8269230769230769,0.5714285714285714,0.8304307974335472,0.6030230708035004,7.792273847818794,9.631728509325454,5.170937968728941,0.0
direct_week_ahead_missing_modality,3,week_plus_3,drop_firms,model1,tcn_hierarchical,test,0.8288973384030418,0.8278041074249605,0.9098494170077377,0.8441272453823178,0.694256074573744,0.7312183962701994,0.7217527386541471,0.776536312849162,0.7854710556186152,0.5,0.7923169267707083,0.616956077630235,7.520055278893651,14.300746111202987,4.431669803099465,0.0
direct_week_ahead_missing_modality,3,week_plus_3,drop_ntl_firms,model1,linear_hierarchical,train,0.6951088127558716,0.6432801822323463,0.769869371706288,0.6828990416906597,0.5642411129797192,0.6077223139764856,0.605021779934129,0.522543352601156,0.652189476196158,0.43405443126308446,0.663216177178623,0.5492021276595744,7.966663523060732,7201.530111450601,7199.865327616293,0.0
direct_week_ahead_missing_modality,3,week_plus_3,drop_ntl_firms,model1,linear_hierarchical,valid,0.7266009852216748,0.6075268817204301,0.8030554142360509,0.6609460195295703,0.5880583334632297,0.6201894208106263,0.6193921852387844,0.5649484536082474,0.6553911205073996,0.47692307692307695,0.6652512384996462,0.5777777777777777,10.360741294968479,7205.464703819877,7201.008697349182,0.0
direct_week_ahead_missing_modality,3,week_plus_3,drop_ntl_firms,model1,linear_hierarchical,test,0.7188723570869224,0.5576592082616179,0.8040540164706851,0.5989251824273834,0.5764143188239901,0.6152245509500424,0.6150963597430407,0.5403899721448467,0.6466302367941712,0.44221105527638194,0.6568807339449542,0.5959595959595959,9.95564842865852,7208.807922228084,7200.1412298679525,0.0
direct_week_ahead_missing_modality,3,week_plus_3,drop_ntl_firms,model1,lightgbm_hierarchical,train,0.8429217840982547,0.8482182138143423,0.9363567655185885,0.934625234770462,0.732706896404135,0.7853136992349563,0.7798947880288227,0.7596344854986095,0.8320786603164849,0.513902205177373,0.8414012738853504,0.7165178571428571,2.911845039217975,4.810636898156555,2.435488662685181,0.0
direct_week_ahead_missing_modality,3,week_plus_3,drop_ntl_firms,model1,lightgbm_hierarchical,valid,0.8325123152709359,0.8727272727272727,0.9235644713422287,0.9320033971124503,0.7365871703790775,0.7690249047748776,0.7639066905921559,0.788135593220339,0.8148148148148148,0.5846153846153846,0.8204651162790698,0.6749049429657795,5.723524067558817,8.702086418013074,4.646873167781687,0.0
direct_week_ahead_missing_modality,3,week_plus_3,drop_ntl_firms,model1,lightgbm_hierarchical,test,0.8175411119812059,0.8086522462562395,0.9148330487756109,0.8950451919636468,0.7156636163835608,0.752008301173755,0.7486737400530504,0.7851002865329513,0.7902097902097902,0.5234899328859061,0.7975903614457831,0.6819277108433734,5.694744927435023,11.913717208652606,4.059140465692049,0.0
direct_week_ahead_missing_modality,3,week_plus_3,drop_ntl_firms,model1,catboost_hierarchical,train,0.8429217840982547,0.8482182138143423,0.9363567655185885,0.934660569595544,0.730041759129287,0.7841334566680656,0.7788341578834158,0.7468208092485549,0.8357089272318079,0.513902205177373,0.8409579367516119,0.7128189172370878,2.9018808658544084,4.744763482198824,2.4535997878404245,0.0
direct_week_ahead_missing_modality,3,week_plus_3,drop_ntl_firms,model1,catboost_hierarchical,valid,0.8325123152709359,0.8727272727272727,0.9253727632752864,0.927119674255994,0.7380540686217432,0.7718606686969837,0.766541822721598,0.7876288659793814,0.8296557811120918,0.5846153846153846,0.8204667863554758,0.6679035250463822,5.71086795268249,8.654083358043135,4.638900249510258,0.0
direct_week_ahead_missing_modality,3,week_plus_3,drop_ntl_firms,model1,catboost_hierarchical,test,0.8175411119812059,0.8086522462562395,0.9136638048584451,0.8837109770569763,0.7167578140878759,0.754235190302091,0.7506459948320413,0.7855153203342619,0.7995444191343963,0.5234899328859061,0.8046511627906977,0.6705882352941176,5.687846368998149,11.879962300550606,4.049723103304275,0.0
direct_week_ahead_missing_modality,3,week_plus_3,drop_ntl_firms,model1,gru_hierarchical,train,0.8359410952600093,0.848291123678387,0.9327214070217907,0.9302402042125277,0.7314661135153626,0.7818058348857033,0.7784972859727645,0.7750349324639031,0.8218667494952633,0.5085130533484676,0.8399930204152853,0.7119228118538938,4.369051803025252,6.094134827979873,3.2990081692594773,0.0
direct_week_ahead_missing_modality,3,week_plus_3,drop_ntl_firms,model1,gru_hierarchical,valid,0.8358388454600121,0.8533685601056803,0.9208561291012172,0.9169105828876967,0.7270530528359616,0.7621224683139844,0.7574382249117498,0.7757847533632287,0.8196994991652755,0.5714285714285714,0.8204651162790698,0.647887323943662,6.849380332575898,9.160954114765218,5.0542784649618095,0.0
direct_week_ahead_missing_modality,3,week_plus_3,drop_ntl_firms,model1,gru_hierarchical,test,0.8309104820198929,0.8020304568527918,0.911553394123291,0.8786205271095384,0.702616178229517,0.7424770008982823,0.7397260273972602,0.7659574468085106,0.7887931034482759,0.5035971223021583,0.7975903614457831,0.6571428571428571,6.5260331331401265,13.94398920047424,4.320369005762671,0.0
direct_week_ahead_missing_modality,3,week_plus_3,drop_ntl_firms,model1,tcn_hierarchical,train,0.8072018004501126,0.8296943231441049,0.9299445464166152,0.9184792820659212,0.7223529311207675,0.768351129784976,0.7573691967575534,0.7870324189526184,0.8191202159758615,0.5105042016806722,0.8389460827080789,0.6561617362866062,5.271435760712845,6.565799866594875,3.8567011883800757,0.0
direct_week_ahead_missing_modality,3,week_plus_3,drop_ntl_firms,model1,tcn_hierarchical,valid,0.8325842696629213,0.8702101359703337,0.9186116503724424,0.8829031531601256,0.7156700233685547,0.749470588927634,0.73583984375,0.7523809523809524,0.8191126279863481,0.5846153846153846,0.8241860465116279,0.5980551053484603,7.917904118162517,9.637646740963621,5.341923223420977,0.0
direct_week_ahead_missing_modality,3,week_plus_3,drop_ntl_firms,model1,tcn_hierarchical,test,0.8146027201145312,0.8367670364500792,0.9109180563817023,0.8398083536953892,0.6934170654591598,0.7327936752355333,0.722678458622868,0.7313915857605178,0.7929515418502202,0.5234899328859061,0.8048192771084337,0.6144329896907217,7.638878114322153,14.311822906588176,4.63887936397479,0.0
direct_week_ahead_missing_modality,3,week_plus_3,drop_unosat,model1,linear_hierarchical,train,0.6924050632911393,0.5569253081943437,0.7468381998492122,0.6011110110887496,0.5142244871293774,0.5478216587007065,0.5434393638170975,0.5244072524407253,0.5459240132792328,0.366691015339664,0.5785861358956761,0.5555140186915888,8.256996953803945,8.607777171925383,6.147173064704156,0.0
direct_week_ahead_missing_modality,3,week_plus_3,drop_unosat,model1,linear_hierarchical,valid,0.7316526610644257,0.6521181001283697,0.8143923208030043,0.7110222650734608,0.5566709039864731,0.5992581680449115,0.5904567491707068,0.6115384615384616,0.6325757575757576,0.3450479233226837,0.6424682395644283,0.5517241379310345,16.260045069138954,14.093832918107243,8.934031096473195,0.0
direct_week_ahead_missing_modality,3,week_plus_3,drop_unosat,model1,linear_hierarchical,test,0.7346326836581709,0.5467889908256881,0.790349169113518,0.6135605520280254,0.514455451039771,0.5507969122760039,0.5464172255559477,0.5015479876160991,0.544973544973545,0.35944700460829493,0.5785536159600998,0.5877551020408164,14.422452162538734,18.846080503461835,7.189971701466331,0.0
direct_week_ahead_missing_modality,3,week_plus_3,drop_unosat,model1,lightgbm_hierarchical,train,0.9430744411154643,0.981029810298103,0.9897946816581353,0.998541780671151,0.9184288512081709,0.9263503488505477,0.9250346028485958,0.9364745477492638,0.93296853625171,0.8795718108831401,0.9496492595479346,0.8934801016088061,1.993376260245808,2.4577597437778294,1.3775681088504768,0.0
direct_week_ahead_missing_modality,3,week_plus_3,drop_unosat,model1,lightgbm_hierarchical,valid,0.8184733803720333,0.8523316062176166,0.9152110975984482,0.9040552681202537,0.7105346480265526,0.7519593167496091,0.7502507522567703,0.7445544554455445,0.7982758620689655,0.5252525252525253,0.801762114537445,0.6828282828282828,4.9524766793398225,8.581571639596982,3.832207669828843,0.0
direct_week_ahead_missing_modality,3,week_plus_3,drop_unosat,model1,lightgbm_hierarchical,test,0.7926421404682275,0.7919463087248322,0.9050931606730515,0.8022385093944451,0.6904226785856838,0.7329916086600808,0.72603184920377,0.7139107611548556,0.7883040935672515,0.5121951219512195,0.7985524728588661,0.6391509433962265,5.52226090549445,11.745690352817244,3.7882323383976466,0.0
direct_week_ahead_missing_modality,3,week_plus_3,drop_unosat,model1,catboost_hierarchical,train,0.8834176503653738,0.9053662881318192,0.9593070198338831,0.9745239602136497,0.8312584499514504,0.8502413277331977,0.8460004431641923,0.9110442629995703,0.8720715166461159,0.7080745341614907,0.8854625550660793,0.7796393808839955,2.26397348906594,3.224863938391807,1.7235050384592772,0.0
direct_week_ahead_missing_modality,3,week_plus_3,drop_unosat,model1,catboost_hierarchical,valid,0.8261682242990654,0.8691232528589581,0.9192774949103522,0.9184414722981129,0.717748441898014,0.7632312330164687,0.7595448798988622,0.7521008403361344,0.8210526315789474,0.52,0.8204667863554758,0.6751219512195122,5.145555871998308,8.432925116145944,3.7139435615155754,0.0
direct_week_ahead_missing_modality,3,week_plus_3,drop_unosat,model1,catboost_hierarchical,test,0.8129554655870446,0.8118811881188119,0.9125565736365865,0.8260839543916634,0.6925003002411738,0.7351128089342559,0.7293653403485696,0.7440476190476191,0.789289871944121,0.49333333333333335,0.7971360381861575,0.6386946386946387,5.740907655284837,11.894301081093671,3.7187766569741223,0.0
direct_week_ahead_missing_modality,3,week_plus_3,drop_unosat,model1,gru_hierarchical,train,0.8527131782945736,0.8337887067395264,0.9406792641414157,0.9426091624093035,0.7433592504548365,0.7887106947469947,0.7798555645894113,0.7963963963963964,0.8359680435152134,0.5370705244122965,0.8433692389193007,0.7039920490309757,4.3900390042021,6.071600156785191,3.384132080396779,0.0
direct_week_ahead_missing_modality,3,week_plus_3,drop_unosat,model1,gru_hierarchical,valid,0.8384663733500943,0.8643852978453739,0.9211747625523826,0.9007623019075592,0.7155732870565744,0.7561820569654606,0.744920993227991,0.7515923566878981,0.8204193254329991,0.5488372093023256,0.8289473684210527,0.6280701754385964,7.322276731155729,9.2192140209524,5.580354933944021,0.0
direct_week_ahead_missing_modality,3,week_plus_3,drop_unosat,model1,gru_hierarchical,test,0.8031746031746032,0.8096774193548387,0.9043672496812819,0.8308235323354003,0.6810709347768251,0.7273273233621307,0.7161109379869118,0.7236180904522613,0.7949308755760369,0.4777777777777778,0.7971360381861575,0.6118918918918919,7.596536343249586,14.100776577619897,5.203104601717701,0.0
direct_week_ahead_missing_modality,3,week_plus_3,drop_unosat,model1,tcn_hierarchical,train,0.8527810650887574,0.8509498295177789,0.9445378134551192,0.9389036317256858,0.7418423969898974,0.7848795981506846,0.7760137809022767,0.8001854427445526,0.8382304390888082,0.5460674157303371,0.8467053601911916,0.6780233271945979,4.841675020212591,6.325990036226683,3.6199351690486363,0.0
direct_week_ahead_missing_modality,3,week_plus_3,drop_unosat,model1,tcn_hierarchical,valid,0.8338442673206622,0.8582474226804123,0.9195218065123346,0.9035194514251481,0.7180387670260254,0.7550566885734373,0.7453803695704344,0.7942386831275721,0.8195876288659794,0.5408163265306123,0.8187444739168878,0.6168067226890757,7.229723862260832,9.315485719304931,5.37434891518826,0.0
direct_week_ahead_missing_modality,3,week_plus_3,drop_unosat,model1,tcn_hierarchical,test,0.8062015503875969,0.8290322580645161,0.8996051835841102,0.847028900945489,0.6722206498076793,0.7125877033887914,0.7054878048780487,0.7598944591029023,0.77007700770077,0.4594594594594595,0.7737556561085973,0.5979166666666667,7.133183641652443,14.143311280834979,4.692094046755221,0.0
direct_week_ahead_missing_modality,3,week_plus_3,full,model2,linear_hierarchical,train,0.8295388882468508,0.8426073131955485,0.9260255932110144,0.9319361415296199,0.7167164921328975,0.7712084331303772,0.7661799170722914,0.7867813490267089,0.8155884645362432,0.4576612903225806,0.8270149729213125,0.6965363838576422,3.9035966237494497,7198.702096962938,7197.037432044111,0.0
direct_week_ahead_missing_modality,3,week_plus_3,full,model2,linear_hierarchical,valid,0.8468930172966047,0.8900662251655629,0.9357342679111111,0.9562091529156662,0.7153884596597118,0.7538637978295557,0.7485059760956175,0.7911646586345381,0.8101487314085739,0.5248868778280543,0.8092691622103387,0.6414728682170543,27.661534228511833,6104.149236811734,7217.53051319876,0.0
direct_week_ahead_missing_modality,3,week_plus_3,full,model2,linear_hierarchical,test,0.8197492163009404,0.864951768488746,0.9196781889573553,0.9419477729367953,0.6746007183616236,0.7179095433885657,0.7135270228053733,0.7890410958904109,0.7533632286995515,0.41916167664670656,0.7680180180180181,0.6434195725534309,88.55249048935696,7208.712596251746,7287.308974309219,0.0
direct_week_ahead_missing_modality,3,week_plus_3,full,model2,lightgbm_hierarchical,train,0.9502143092647544,0.9818265470439383,0.9924793460388261,0.9993255864289148,0.9241967168007642,0.9423052390215804,0.9404532525919809,0.9991015274034142,0.9441930618401206,0.7936,0.9510818438381938,0.9330071509220926,1.6218644175103911,2.077306781435719,1.177352476822207,0.0
direct_week_ahead_missing_modality,3,week_plus_3,full,model2,lightgbm_hierarchical,valid,0.8275862068965517,0.8633879781420765,0.928041090567594,0.9467252846709548,0.730313565220267,0.7708294768713057,0.7683407835919012,0.8348214285714286,0.8076256499133448,0.4978902953586498,0.8093525179856115,0.7018779342723005,3.2725962322484263,7.070132420967287,2.516752906960425,0.0
direct_week_ahead_missing_modality,3,week_plus_3,full,model2,lightgbm_hierarchical,test,0.8223733938019653,0.8601036269430051,0.921258981734541,0.9395989711852941,0.7096492535828525,0.7531467301397695,0.7487487487487487,0.8181818181818182,0.7897793263646922,0.45652173913043476,0.7985781990521327,0.6851851851851852,3.8884581257269915,9.49954173347358,2.410344627722402,0.0
direct_week_ahead_missing_modality,3,week_plus_3,full,model2,catboost_hierarchical,train,0.8835662009314704,0.9189065012634965,0.9602188015288655,0.9765025663787991,0.8417730755835559,0.8619581534520282,0.8603784268390506,0.9291835814163284,0.8716099702147672,0.7012302284710018,0.8895302228635562,0.8173113749521256,1.8475956772207263,2.6270047254753464,1.3834841447157133,0.0
direct_week_ahead_missing_modality,3,week_plus_3,full,model2,catboost_hierarchical,valid,0.8478260869565217,0.8691099476439791,0.9357458459324448,0.9522814623766974,0.7549748992821544,0.7882193841408541,0.7883015830426616,0.8275862068965517,0.8240574506283662,0.5771144278606966,0.8264014466546112,0.7197149643705463,3.596139404401432,7.347403006855398,2.4789162612002698,0.0
direct_week_ahead_missing_modality,3,week_plus_3,full,model2,catboost_hierarchical,test,0.8276385725132878,0.8580750407830342,0.9256809780046067,0.9422630337220342,0.7227222397600468,0.7586583967771418,0.7561141304347826,0.8228571428571428,0.8,0.5121951219512195,0.8038277511961722,0.6747311827956989,3.807894935218508,9.920623462719032,2.318188174956614,0.0
direct_week_ahead_missing_modality,3,week_plus_3,full,model2,gru_hierarchical,train,0.8422437507475182,0.8348579682233991,0.9338611113733852,0.9336259204453082,0.7173603825217503,0.770911053507025,0.761016639239349,0.778584392014519,0.8260519103659519,0.4735472679965308,0.8318554458758575,0.6767628963558922,4.210886518767071,6.34419825229454,3.0229437829581305,0.0
direct_week_ahead_missing_modality,3,week_plus_3,full,model2,gru_hierarchical,valid,0.8486383787207094,0.8539944903581267,0.9326488863051655,0.939809330939786,0.715411935814051,0.7470062067970009,0.7392675236478292,0.7983367983367984,0.7913793103448276,0.5486725663716814,0.8014247551202137,0.6372462488967343,6.991494969897515,9.455548047200296,4.336718555462894,0.0
direct_week_ahead_missing_modality,3,week_plus_3,full,model2,gru_hierarchical,test,0.8225437928408226,0.834983498349835,0.9201251331803884,0.9221434447288213,0.6782227678432433,0.7217657470974187,0.7143701951507984,0.7557840616966581,0.7692307692307693,0.4540540540540541,0.7822222222222223,0.629822732012513,6.2379599137107755,13.945810665724723,3.620054433302616,0.0
direct_week_ahead_missing_modality,3,week_plus_3,full,model2,tcn_hierarchical,train,0.8442367601246106,0.8483799159040316,0.9364613613168664,0.9392496565754637,0.7203760434423612,0.7722197084071021,0.7644699662747243,0.7592592592592593,0.8270186335403726,0.5021367521367521,0.8402872777017784,0.6731782945736434,3.7772549838569898,6.177417803174099,2.7836441346245726,0.0
direct_week_ahead_missing_modality,3,week_plus_3,full,model2,tcn_hierarchical,valid,0.8531994981179423,0.8517520215633423,0.9329901739797847,0.9366532562760652,0.7072956480383766,0.7426537538401621,0.7355550227763127,0.7748478701825557,0.793046357615894,0.5360824742268041,0.8021778584392014,0.6303236797274276,6.162378120939509,9.122232969360853,4.422771304782448,0.0
direct_week_ahead_missing_modality,3,week_plus_3,full,model2,tcn_hierarchical,test,0.8224582701062215,0.8465266558966075,0.9130789445657088,0.9235663251068739,0.6659659967291317,0.7122659793350506,0.70707656612529,0.7386934673366834,0.7592407592407593,0.43312101910828027,0.7764182424916574,0.622356495468278,4.865570720082228,13.40147389534902,3.3139498107568444,0.0
direct_week_ahead_missing_modality,3,week_plus_3,drop_ntl,model2,linear_hierarchical,train,0.8312719845682515,0.8414328085785991,0.9252376067624474,0.9306704299099082,0.7191756598364863,0.7727079288864953,0.7664155005382132,0.791459781529295,0.8166465621230398,0.46251129177958444,0.8281797896079056,0.6970808741426064,3.9085178049555016,4.493931563831693,7197.050265169502,0.0
direct_week_ahead_missing_modality,3,week_plus_3,drop_ntl,model2,linear_hierarchical,valid,0.8531645569620253,0.8909574468085106,0.9359934204622815,0.9576151296767006,0.7167057981037666,0.7566933908224148,0.7500629247420085,0.7818181818181819,0.8129803586678053,0.5254237288135594,0.8120989917506874,0.6512077294685991,28.744019796009706,5.974471137764934,7218.191138899698,0.0
direct_week_ahead_missing_modality,3,week_plus_3,drop_ntl,model2,linear_hierarchical,test,0.8254460822342902,0.864951768488746,0.9181799025275371,0.9425897941504955,0.6930108778722716,0.728633143887277,0.7228464419475655,0.8414634146341463,0.767590618336887,0.4482758620689655,0.768361581920904,0.6393629124004551,93.68647645642257,16.33939580896663,7293.516463279654,0.0
direct_week_ahead_missing_modality,3,week_plus_3,drop_ntl,model2,lightgbm_hierarchical,train,0.9284903518728718,0.9613053613053613,0.9803948938778042,0.99310957900215,0.9120815908583998,0.9167520602014058,0.9156059767570559,0.9882777276825969,0.9334341906202723,0.8435251798561151,0.9196559000162311,0.8755149561167831,1.7768041849159435,2.39187798787595,1.3062130904068647,0.0
direct_week_ahead_missing_modality,3,week_plus_3,drop_ntl,model2,lightgbm_hierarchical,valid,0.8346055979643766,0.8476454293628809,0.9304486436474391,0.9379811553955881,0.7277952873030535,0.7709528974836184,0.7703549060542797,0.8299319727891157,0.8098055790363483,0.4842105263157895,0.8077634011090573,0.7072649572649573,3.422795267225787,6.702105845434522,2.4956934172076797,0.0
direct_week_ahead_missing_modality,3,week_plus_3,drop_ntl,model2,lightgbm_hierarchical,test,0.8214004720692368,0.8439108061749572,0.9213034495178235,0.9337754994358478,0.706234461250613,0.7457978509925413,0.7438737831487077,0.8294117647058824,0.7854710556186152,0.4583333333333333,0.7765293383270911,0.6814268142681427,3.7347653521728508,9.525731503938445,2.3144321765437352,0.0
direct_week_ahead_missing_modality,3,week_plus_3,drop_ntl,model2,catboost_hierarchical,train,0.8782982680460305,0.8941463414634147,0.9550956128510049,0.9707842263542783,0.8277964307766688,0.8537129464644156,0.8518772579686286,0.913800803930326,0.8766796058524933,0.6678170836928387,0.8816568047337278,0.7990278556739577,1.9232656638035974,2.772570496720017,1.4702988815465927,0.0
direct_week_ahead_missing_modality,3,week_plus_3,drop_ntl,model2,catboost_hierarchical,valid,0.8450520833333334,0.8595505617977528,0.9373823918189347,0.9479409203261233,0.7513647535109695,0.7883223272024703,0.7868007218355246,0.8398268398268398,0.8293515358361775,0.5517241379310345,0.8372911169744943,0.6986301369863014,3.7895685861082504,6.9140662714456305,2.536877889734924,0.0
direct_week_ahead_missing_modality,3,week_plus_3,drop_ntl,model2,catboost_hierarchical,test,0.8279742765273312,0.8481675392670157,0.9246829659437809,0.9402186775250787,0.7218971114481045,0.7559634265408351,0.7546563904945408,0.8268156424581006,0.7883995703544576,0.5116279069767442,0.7932584269662921,0.6893840104849279,3.818972154781895,9.435880427323813,2.2786674647001903,0.0
direct_week_ahead_missing_modality,3,week_plus_3,drop_ntl,model2,gru_hierarchical,train,0.8443740867023868,0.8453760789149198,0.935709590432857,0.9372587399780177,0.7390534748162084,0.7860297491975698,0.7844675821135758,0.819623389494549,0.8234888927156879,0.5017182130584192,0.8388278388278388,0.711609039984547,3.673697399095764,6.066075123445938,2.779698098990187,0.0
direct_week_ahead_missing_modality,3,week_plus_3,drop_ntl,model2,gru_hierarchical,valid,0.8420382165605096,0.8613333333333333,0.9326057514496198,0.9492668808997553,0.731063491427885,0.7597776895195912,0.7577509196006306,0.8307692307692308,0.7962962962962963,0.5608465608465608,0.8035398230088495,0.6638655462184874,6.147134333126624,9.131990642557854,4.088156477557187,0.0
direct_week_ahead_missing_modality,3,week_plus_3,drop_ntl,model2,gru_hierarchical,test,0.817838246409675,0.8525121555915721,0.9205669201371085,0.9369327360426721,0.7092281726576954,0.7389613309272889,0.7363405336721728,0.7924528301886793,0.7870370370370371,0.5384615384615384,0.7727272727272727,0.6554621848739496,5.510981351944196,13.624611466723707,3.331359702621876,0.0
direct_week_ahead_missing_modality,3,week_plus_3,drop_ntl,model2,tcn_hierarchical,train,0.8576816696002012,0.8546669967813816,0.9421702157792473,0.9452551514702721,0.7447553036582186,0.7940652620665447,0.7921250723798494,0.7888086642599278,0.839223494275759,0.5238095238095238,0.8381438367086589,0.7337909992372235,2.9469901489247268,5.689145753605174,2.317491415579176,0.0
direct_week_ahead_missing_modality,3,week_plus_3,drop_ntl,model2,tcn_hierarchical,valid,0.8402822322001283,0.8418230563002681,0.9293307336691967,0.93413230967407,0.7284473563472444,0.7630738206771894,0.762403390675642,0.791578947368421,0.8013816925734024,0.5517241379310345,0.8039702233250621,0.6935817805383023,5.287233486408295,8.489767849849933,3.547470800257408,0.0
direct_week_ahead_missing_modality,3,week_plus_3,drop_ntl,model2,tcn_hierarchical,test,0.8240813135261923,0.8281505728314239,0.9097897502571206,0.9034200721930158,0.6953546022309071,0.7369547837534457,0.7344222625529341,0.7444168734491315,0.7829880043620502,0.49162011173184356,0.7689119170984456,0.6888361045130641,4.937495654043172,12.811585917240699,3.012789741214721,0.0
direct_week_ahead_missing_modality,3,week_plus_3,drop_firms,model2,linear_hierarchical,train,0.8327883639643703,0.8423496633387508,0.9255775517808376,0.9313488850212521,0.7155015680493328,0.7689283075823145,0.763333788023462,0.7892580791989076,0.8155067725361981,0.45829145728643217,0.8212877792378449,0.6931637519872814,3.916795507248389,4.4176421850367005,7197.081915236786,0.0
direct_week_ahead_missing_modality,3,week_plus_3,drop_firms,model2,linear_hierarchical,valid,0.8447517284726587,0.8844086021505376,0.9348520537626365,0.9549273390100441,0.7216250986444894,0.7556489522925738,0.7484787018255578,0.8024948024948025,0.8057296329453895,0.5480769230769231,0.813844714686623,0.6379794200187091,27.891926326018023,5.966706544735565,7217.423570365529,0.0
direct_week_ahead_missing_modality,3,week_plus_3,drop_firms,model2,linear_hierarchical,test,0.8238944918541505,0.8646003262642741,0.923214797566899,0.9412128841823176,0.6862227836589124,0.7272656795444633,0.7222574508560557,0.807909604519774,0.7597765363128491,0.43478260869565216,0.7752675386444708,0.6533776301218162,89.66153054964032,11.754809195800815,7286.166440813884,0.0
direct_week_ahead_missing_modality,3,week_plus_3,drop_firms,model2,lightgbm_hierarchical,train,0.9479213232007152,0.9835164835164835,0.9913237031531275,0.999224714147177,0.9026176231247133,0.9225745801888486,0.9198473282442748,0.9950338600451467,0.9253777366635831,0.7481146304675717,0.9192788695793406,0.9252830188679245,1.7021432454749374,2.2814026736698363,1.2228101040107786,0.0
direct_week_ahead_missing_modality,3,week_plus_3,drop_firms,model2,lightgbm_hierarchical,valid,0.8283076923076923,0.866225165562914,0.9279929693957282,0.9509275143670689,0.7451095038676201,0.7808350277488679,0.7772690546727713,0.8272727272727273,0.8154815481548154,0.5493562231759657,0.8206106870229007,0.7128263337116912,3.320883263829131,6.799835762662356,2.521006800696351,0.0
direct_week_ahead_missing_modality,3,week_plus_3,drop_firms,model2,lightgbm_hierarchical,test,0.8205128205128205,0.8528428093645485,0.9228587239797594,0.9356792262731435,0.7221117146033252,0.7606630813880425,0.7543920082673097,0.8518518518518519,0.7900943396226415,0.4723618090452261,0.7965260545905707,0.699724517906336,3.708509529188188,8.498355746259751,2.3889398761166967,0.0
direct_week_ahead_missing_modality,3,week_plus_3,drop_firms,model2,catboost_hierarchical,train,0.8872093023255814,0.9171448244204728,0.9608505308590334,0.9761131369454134,0.8313113264592955,0.855011390061191,0.8514045200841797,0.9191374663072777,0.872789860741668,0.6793431287813311,0.8877485567671585,0.7975376196990424,1.871413743071872,2.7202705304987504,1.408499638378723,0.0
direct_week_ahead_missing_modality,3,week_plus_3,drop_firms,model2,catboost_hierarchical,valid,0.839458413926499,0.8809523809523809,0.933799540096262,0.9555723727926515,0.7579056793802769,0.7873613992448852,0.7837136929460581,0.8394004282655246,0.8271493212669683,0.5961538461538461,0.8296703296703297,0.6971544715447154,3.579600187769232,7.50118805286167,2.4103857293797883,0.0
direct_week_ahead_missing_modality,3,week_plus_3,drop_firms,model2,catboost_hierarchical,test,0.819935691318328,0.8668831168831169,0.9263813266075083,0.9416493292269116,0.728686195338468,0.7593374028563069,0.7544672402382528,0.855457227138643,0.7928994082840237,0.5217391304347826,0.8042704626334519,0.6690647482014388,3.915091547213049,8.066587229895102,2.35515095755053,0.0
direct_week_ahead_missing_modality,3,week_plus_3,drop_firms,model2,gru_hierarchical,train,0.8376615676508953,0.8361156830472608,0.930499450606805,0.9294684452032457,0.7059929736176913,0.7632097110136477,0.755162773920101,0.7286212914485166,0.820456333595594,0.4764595103578154,0.8304362085929813,0.6739915240935489,5.0285885695120145,6.679484979409644,3.5217029740062418,0.0
direct_week_ahead_missing_modality,3,week_plus_3,drop_firms,model2,gru_hierarchical,valid,0.8413284132841329,0.8654088050314466,0.9301173333225864,0.9480422816356787,0.7113185361976685,0.7420705589119667,0.7352318192515886,0.7613636363636364,0.7966666666666666,0.5742574257425742,0.7993049522154648,0.625,7.116759919648934,9.640557644106252,4.50986422444888,0.0
direct_week_ahead_missing_modality,3,week_plus_3,drop_firms,model2,gru_hierarchical,test,0.8265682656826568,0.847457627118644,0.9226295334122934,0.9371563481557623,0.6808810488052941,0.7170134828253699,0.7120689655172414,0.7455919395465995,0.7656565656565657,0.4970414201183432,0.7646432374866879,0.6314720812182741,6.509165899482683,14.212810039875139,3.670981838323428,0.0
direct_week_ahead_missing_modality,3,week_plus_3,drop_firms,model2,tcn_hierarchical,train,0.8559258331245302,0.8572129538763493,0.9440388776060409,0.9467425503092839,0.752614217597802,0.797400840093285,0.7920585161964472,0.8221258134490239,0.836447825367951,0.531496062992126,0.8431163287086446,0.7298850574712644,3.0518550474713946,5.636974735435012,2.3115590171556164,0.0
direct_week_ahead_missing_modality,3,week_plus_3,drop_firms,model2,tcn_hierarchical,valid,0.8410852713178295,0.865359477124183,0.9277820385474916,0.9494975118402627,0.7293020408285082,0.7672684036393941,0.7630356220960248,0.8256880733944955,0.7975673327541268,0.5145631067961165,0.8139754485363551,0.6947162426614482,4.603924410063403,8.102498483387482,3.471940545675307,0.0
direct_week_ahead_missing_modality,3,week_plus_3,drop_firms,model2,tcn_hierarchical,test,0.831636648394675,0.8784440842787682,0.9198446724306916,0.9386299418158096,0.7074236186183784,0.7476254031639443,0.7427838357921744,0.8364779874213837,0.7821350762527233,0.4539877300613497,0.7901524032825322,0.674364896073903,3.620553474114139,12.243992161118204,2.7851339848701024,0.0
direct_week_ahead_missing_modality,3,week_plus_3,drop_ntl_firms,model2,linear_hierarchical,train,0.8304635761589404,0.8371677462586553,0.9247104854682819,0.9301835391596539,0.7079810846605842,0.7661914759519126,0.7617146745293717,0.7636054421768708,0.8148379052369077,0.4444444444444444,0.8221564760026299,0.6948611554420683,3.9279024251736874,4.423928042726935,7197.0956812266,0.0
direct_week_ahead_missing_modality,3,week_plus_3,drop_ntl_firms,model2,linear_hierarchical,valid,0.846441947565543,0.8860103626943006,0.934389892849584,0.9562625051461735,0.733326932896887,0.7644739072078951,0.758425520967327,0.8189300411522634,0.8098271155595996,0.5656565656565656,0.8137535816618912,0.6584673604541155,29.204026120991156,5.530774686600729,7218.325020953565,0.0
direct_week_ahead_missing_modality,3,week_plus_3,drop_ntl_firms,model2,linear_hierarchical,test,0.8232593726090283,0.861198738170347,0.921298260208035,0.9416785699672431,0.6959907354911902,0.7317337965916729,0.727447216890595,0.7978142076502732,0.7688838782412627,0.48366013071895425,0.7764423076923077,0.6531531531531531,94.62613134439236,13.085105125840045,7292.974388083395,0.0
direct_week_ahead_missing_modality,3,week_plus_3,drop_ntl_firms,model2,lightgbm_hierarchical,train,0.8757253914376437,0.9305773983374522,0.9615440715168844,0.9845638642025522,0.8555361380109556,0.8751745871576931,0.8714713331798296,0.9594293357111012,0.8919208952935765,0.7063310450038138,0.8965970738122637,0.8234023402340234,1.8356866598712487,2.869134992808741,1.3870487764191732,0.0
direct_week_ahead_missing_modality,3,week_plus_3,drop_ntl_firms,model2,lightgbm_hierarchical,valid,0.8343483556638246,0.8679738562091504,0.9329889255889477,0.9459154466100613,0.7379538022824448,0.7802854937040307,0.7757131640931694,0.8253968253968254,0.8218940052128584,0.5104602510460251,0.8222013170272813,0.7098166127292341,3.414566616040627,6.291910715045524,2.5812485364935314,0.0
direct_week_ahead_missing_modality,3,week_plus_3,drop_ntl_firms,model2,lightgbm_hierarchical,test,0.8198473282442749,0.8379705400981997,0.9209099729982134,0.9333718396141694,0.7167044675596291,0.7540710500148867,0.7497494153023722,0.8348348348348348,0.7847533632286996,0.4782608695652174,0.7802469135802469,0.7054263565891473,3.534400713531481,6.306933851777586,2.3250188804083254,0.0
direct_week_ahead_missing_modality,3,week_plus_3,drop_ntl_firms,model2,catboost_hierarchical,train,0.8655795504627589,0.8633243187018931,0.9522283510588274,0.9666661172211951,0.8069357737321387,0.842920998118118,0.8426055353648308,0.8829225352112676,0.870516717325228,0.613682092555332,0.8790146554412224,0.7885428681276432,1.9521315302067654,2.9988748609455564,1.4906257461807872,0.0
direct_week_ahead_missing_modality,3,week_plus_3,drop_ntl_firms,model2,catboost_hierarchical,valid,0.840024706609018,0.8710462287104623,0.9360429310849696,0.9522828263864601,0.7652498949039065,0.7917360473947237,0.7925125230688109,0.8486140724946695,0.8299912816041848,0.6130653266331658,0.8255093002657219,0.7090694935217904,3.5185661734050653,6.358391164983187,2.4670891803046042,0.0
direct_week_ahead_missing_modality,3,week_plus_3,drop_ntl_firms,model2,catboost_hierarchical,test,0.8226299694189603,0.8363636363636363,0.9238661948314049,0.9391241881968933,0.7295090938932342,0.7627690862102057,0.7639542703429725,0.8481375358166189,0.7901785714285714,0.5100671140939598,0.7936145952109465,0.705547652916074,3.6025972869637517,13.67091498519873,2.2710560897490004,0.0
direct_week_ahead_missing_modality,3,week_plus_3,drop_ntl_firms,model2,gru_hierarchical,train,0.8384814902145721,0.8404558404558404,0.9364142975552379,0.9378217491959246,0.739544483029165,0.7916870895167931,0.7911515940143136,0.8302845528455285,0.8297417338378023,0.47113163972286376,0.8403669724770643,0.7261975162625666,3.4800123651309547,5.809893415162694,2.528779741603801,0.0
direct_week_ahead_missing_modality,3,week_plus_3,drop_ntl_firms,model2,gru_hierarchical,valid,0.839536302623551,0.8821292775665399,0.9341417978501027,0.9539589503580832,0.7414544239256744,0.7700166600962502,0.7682926829268293,0.8432671081677704,0.7989646246764452,0.5654450261780105,0.8080631025416302,0.6915322580645161,5.439736162658418,8.51749875906766,3.6571288762715835,0.0
direct_week_ahead_missing_modality,3,week_plus_3,drop_ntl_firms,model2,gru_hierarchical,test,0.8333333333333334,0.8663446054750402,0.927988726065003,0.9420096803820317,0.7254730451041652,0.7559275472589916,0.7546207775653282,0.8319088319088319,0.7969432314410481,0.5333333333333333,0.7911602209944751,0.6740196078431373,4.905102049259858,13.061678962126646,3.0553550986655384,0.0
direct_week_ahead_missing_modality,3,week_plus_3,drop_ntl_firms,model2,tcn_hierarchical,train,0.8478988471550762,0.845340545856897,0.937413991227031,0.9390213189342784,0.7300600600467619,0.7826708842526395,0.7772364257371038,0.7905468025949953,0.83214107469639,0.4835988753514527,0.8246550137994481,0.7193585337915235,3.1383178143794654,5.735349776212927,2.542145932888861,0.0
direct_week_ahead_missing_modality,3,week_plus_3,drop_ntl_firms,model2,tcn_hierarchical,valid,0.8422408242112042,0.8729139922978177,0.9349109671380772,0.95482967943913,0.7299942583353051,0.7612179303480995,0.7564528494761052,0.8187372708757638,0.7961672473867596,0.5529953917050692,0.8031189083820662,0.6789524733268671,4.570704294723347,8.25437390460406,3.5023239291509713,0.0
direct_week_ahead_missing_modality,3,week_plus_3,drop_ntl_firms,model2,tcn_hierarchical,test,0.8316205533596838,0.8594507269789984,0.9268934596564256,0.9424295667853977,0.7094135186390401,0.7471127439469427,0.742281442963926,0.797752808988764,0.7884828349944629,0.5,0.7965895249695494,0.6642424242424242,3.581138944769908,12.458338229139459,2.744939328543711,0.0
direct_week_ahead_missing_modality,3,week_plus_3,drop_unosat,model2,linear_hierarchical,train,0.8274985557481225,0.8376652986776105,0.9252263421649893,0.9299583208028083,0.7185956489234651,0.7712968707462058,0.7655601659751037,0.7851162790697674,0.8149375094112332,0.4688026981450253,0.8238843893917739,0.7002373685995252,3.8807253103283044,7199.387094593385,7197.070325996194,0.0
direct_week_ahead_missing_modality,3,week_plus_3,drop_unosat,model2,linear_hierarchical,valid,0.8448717948717949,0.8862115127175368,0.9351749792886355,0.9547546690171325,0.7096226416333828,0.748484784662115,0.7429987608426271,0.7763713080168776,0.8043660789252729,0.5238095238095238,0.8071111111111111,0.6364551863041289,25.161492901287716,7200.982926154155,7214.484686747246,0.0
direct_week_ahead_missing_modality,3,week_plus_3,drop_unosat,model2,linear_hierarchical,test,0.8203921568627451,0.8673139158576052,0.9192214069099061,0.9440430895131278,0.6848107019715324,0.7222754986851903,0.7158284480098734,0.7953890489913544,0.7634069400630915,0.46078431372549017,0.7707865168539326,0.6336866902237926,82.23717111263751,7219.055996854862,7274.365317726407,0.0
direct_week_ahead_missing_modality,3,week_plus_3,drop_unosat,model2,lightgbm_hierarchical,train,0.9530605418664289,0.9858331459410838,0.9924155389973366,0.9994686714535316,0.9396276038763236,0.9400225104677081,0.9400167395145541,0.9986504723346828,0.9231482913251894,0.8920863309352518,0.9491684970191403,0.9350844277673546,1.6474799047423616,2.0784264179422376,1.1705153707577451,0.0
direct_week_ahead_missing_modality,3,week_plus_3,drop_unosat,model2,lightgbm_hierarchical,valid,0.8318804483188045,0.8578745198463509,0.926963654569313,0.9458443658365908,0.7326003659248943,0.7727296352003328,0.7719203873050027,0.8221709006928406,0.8082437275985663,0.5098039215686274,0.8086642599277978,0.7141190198366394,3.360506071830521,6.7774944982674645,2.4657660280609837,0.0
direct_week_ahead_missing_modality,3,week_plus_3,drop_unosat,model2,lightgbm_hierarchical,test,0.8216216216216217,0.853035143769968,0.9225739426548919,0.938271618001942,0.71366666758442,0.7503758674212132,0.7483782861044725,0.8228571428571428,0.7855421686746988,0.49032258064516127,0.7923627684964201,0.6772486772486772,3.829574753400188,9.265130387501978,2.366839481036517,0.0
direct_week_ahead_missing_modality,3,week_plus_3,drop_unosat,model2,catboost_hierarchical,train,0.8820805130032062,0.9134412385643913,0.9605359345801483,0.9766198277105704,0.8402965582789699,0.861154455490318,0.858468246973141,0.9237368922783603,0.882004555808656,0.7015985790408525,0.8816539150252319,0.8124888492417485,1.8472405246930859,2.658794634148325,1.4107763765388155,0.0
direct_week_ahead_missing_modality,3,week_plus_3,drop_unosat,model2,catboost_hierarchical,valid,0.8445901639344262,0.8785046728971962,0.9353275855640946,0.9532480937501399,0.7497748803495765,0.7885708015867579,0.7876712328767124,0.8275862068965517,0.8287671232876712,0.5435897435897435,0.8270120259019427,0.7219193020719739,3.715952062512067,7.336662059919229,2.5413555156046126,0.0
direct_week_ahead_missing_modality,3,week_plus_3,drop_unosat,model2,catboost_hierarchical,test,0.8218063466232709,0.8514190317195326,0.9254345989905001,0.9424292803522057,0.7264222415102174,0.7568043178530887,0.7522328812437975,0.8440366972477065,0.7879464285714286,0.5283018867924528,0.8092345078979344,0.6625916870415648,3.962340192809233,10.221921558017604,2.4172857934225176,0.0
direct_week_ahead_missing_modality,3,week_plus_3,drop_unosat,model2,gru_hierarchical,train,0.8457796156652883,0.854623330813807,0.9379988788516906,0.9413294629306279,0.7380189661124532,0.7887285199005821,0.7835796075450183,0.8043788672060923,0.8298073886959267,0.49557522123893805,0.8407835258663988,0.7195498275549101,3.590005454140927,5.802701998902548,2.706041085363276,0.0
direct_week_ahead_missing_modality,3,week_plus_3,drop_unosat,model2,gru_hierarchical,valid,0.8366688185926404,0.8532235939643347,0.925810662525856,0.9392722112249319,0.7180470650630836,0.7526437008532869,0.7483643683945647,0.814317673378076,0.7905004240882103,0.5225225225225225,0.7982062780269058,0.6646884272997032,6.350206599106373,8.78972212212209,4.1985713093320065,0.0
direct_week_ahead_missing_modality,3,week_plus_3,drop_unosat,model2,gru_hierarchical,test,0.8220015278838808,0.8571428571428571,0.9220967893937404,0.9313338604988125,0.6983271894410514,0.7389312312614916,0.7347681115489543,0.7868852459016393,0.7816326530612245,0.4756756756756757,0.7884828349944629,0.6589595375722543,5.6259507338388275,13.258907108743864,3.2422697360508286,0.0
direct_week_ahead_missing_modality,3,week_plus_3,drop_unosat,model2,tcn_hierarchical,train,0.8497623979529669,0.8342592592592593,0.939014070906405,0.9414663209250803,0.730304568621581,0.7806549544723353,0.7731258840169731,0.7670504871567759,0.8290682414698163,0.5166340508806262,0.8440366972477065,0.69473336635298,3.6135802425562678,5.825884510003452,2.889270996122651,0.0
direct_week_ahead_missing_modality,3,week_plus_3,drop_unosat,model2,tcn_hierarchical,valid,0.8231631382316313,0.85,0.9252063579228121,0.9382068356040477,0.7139200604887789,0.7494395647867826,0.7417702999268471,0.7803921568627451,0.8068965517241379,0.5454545454545454,0.8087431693989071,0.6281138790035588,5.505156243982542,8.452473919536272,4.4431208568185845,0.0
direct_week_ahead_missing_modality,3,week_plus_3,drop_unosat,model2,tcn_hierarchical,test,0.8254681647940075,0.8242245199409158,0.9128109252330214,0.9308379461645685,0.6881776714460809,0.7245505528839482,0.7182644385810613,0.7536231884057971,0.7682672233820459,0.5027932960893855,0.7785234899328859,0.6376811594202898,4.621195412381794,12.865141824660684,3.324803211097769,0.0
direct_week_ahead_missing_modality,4,week_plus_4,full,model1,linear_hierarchical,train,0.7127789046653144,0.6634695579649708,0.7955106104175367,0.7189580702593475,0.5636536736400112,0.5998991869078032,0.5953187800457089,0.6095068858285206,0.6298666666666667,0.3844049247606019,0.6096976953008082,0.5847921956434585,7.670883422281561,7200.963846667033,7199.599379103919,0.0
direct_week_ahead_missing_modality,4,week_plus_4,full,model1,linear_hierarchical,valid,0.7424328954882924,0.6919431279620853,0.8366592109399811,0.7813960535695123,0.5911648496980062,0.6306882214085979,0.6231691078561917,0.6574257425742575,0.669236700077101,0.38461538461538464,0.6700251889168766,0.5745212323064113,11.883558091330999,7205.921816700765,7201.530606103799,0.0
direct_week_ahead_missing_modality,4,week_plus_4,full,model1,linear_hierarchical,test,0.7552674230145867,0.6689895470383276,0.8363195799114469,0.6972444790251201,0.5666058713571919,0.6120109610565798,0.6065468549422336,0.5923566878980892,0.6585635359116022,0.36,0.6285018270401949,0.593607305936073,12.105032105626764,7208.824442939054,7200.551388360758,0.0
direct_week_ahead_missing_modality,4,week_plus_4,full,model1,lightgbm_hierarchical,train,0.9278240444159727,0.9782267115600449,0.9884000503661843,0.9985375415763996,0.9091905244598479,0.9142435772036279,0.9126911871813547,0.99685110211426,0.9089489301889739,0.825503355704698,0.9262111004170677,0.8884381338742393,2.000735816486403,2.37535415855715,1.4165395476934683,0.0
direct_week_ahead_missing_modality,4,week_plus_4,full,model1,lightgbm_hierarchical,valid,0.8272189349112427,0.8504551365409623,0.9201302199748724,0.9107458953150651,0.7087456509384825,0.7521197089270464,0.7464239271781534,0.7459954233409611,0.8098271155595996,0.5142857142857142,0.8062730627306273,0.6673469387755102,5.337813182419809,8.522023740965006,3.9131428790490923,0.0
direct_week_ahead_missing_modality,4,week_plus_4,full,model1,lightgbm_hierarchical,test,0.806070826306914,0.7904411764705882,0.9073170487313132,0.8227072310270679,0.6764088437054343,0.7290401879162511,0.7191011235955056,0.7202797202797203,0.7804878048780488,0.44025157232704404,0.7961165048543689,0.6449086161879896,5.345879200453529,11.940271901352032,3.621410467741161,0.0
direct_week_ahead_missing_modality,4,week_plus_4,full,model1,catboost_hierarchical,train,0.8818243091440126,0.892301130304969,0.9586045672323391,0.9772588127677219,0.8270507424993443,0.8426095001254806,0.8354397051079515,0.9252543122512162,0.8791275371099667,0.7093333333333334,0.8714262375428852,0.7501122922593203,2.2878047671909214,3.0651625952925974,1.7127696009508835,0.0
direct_week_ahead_missing_modality,4,week_plus_4,full,model1,catboost_hierarchical,valid,0.832807570977918,0.8711656441717791,0.9244507551276823,0.917101760190328,0.7278049455564622,0.7646764181220431,0.7586723234339905,0.7835497835497836,0.8178694158075601,0.5511111111111111,0.8167441860465117,0.669750231267345,5.535861738211224,8.593062159469213,3.798347781605106,0.0
direct_week_ahead_missing_modality,4,week_plus_4,full,model1,catboost_hierarchical,test,0.8136200716845878,0.8107142857142857,0.910720135876291,0.8333750034864215,0.6878988863459208,0.7324767474173229,0.7236652236652237,0.734006734006734,0.7949367088607595,0.4892086330935252,0.7923497267759563,0.628992628992629,5.304889535310082,11.263087315405329,3.4393210926494273,0.0
direct_week_ahead_missing_modality,4,week_plus_4,full,model1,gru_hierarchical,train,0.8501176470588235,0.8285206574855619,0.9434817456012039,0.9470618348659031,0.7576066430954344,0.8004071025688703,0.7952059355084181,0.8368594264221909,0.8364202334630351,0.537467700258398,0.8455340305160295,0.7317518248175182,4.33957877740543,6.131281043445629,3.2796295602672108,0.0
direct_week_ahead_missing_modality,4,week_plus_4,full,model1,gru_hierarchical,valid,0.8429351121892056,0.8653846153846154,0.9249704715573239,0.932275030489871,0.7227197395693816,0.7596020081636474,0.7557763975155279,0.7844827586206896,0.8157894736842105,0.547945205479452,0.8249097472924187,0.6404715127701375,6.8637164462620435,9.339523995949154,5.019684271973786,0.0
direct_week_ahead_missing_modality,4,week_plus_4,full,model1,gru_hierarchical,test,0.8009630818619583,0.8225255972696246,0.906213747673452,0.8735692816398125,0.678084454890136,0.7171230790796186,0.7131681877444589,0.7150537634408602,0.7685492801771872,0.5068493150684932,0.7749699157641395,0.625,6.546711134247846,14.20757653354848,4.143178894956894,0.0
direct_week_ahead_missing_modality,4,week_plus_4,full,model1,tcn_hierarchical,train,0.8542065009560229,0.825016633399867,0.940895609761225,0.9376961809217073,0.7366637939711437,0.7784922088882192,0.7703220314938289,0.7883975273418925,0.8284603684299476,0.5488958990536278,0.8357397655851877,0.6818254094450628,5.144844014037938,6.592588890718073,3.7126178138154686,0.0
direct_week_ahead_missing_modality,4,week_plus_4,full,model1,tcn_hierarchical,valid,0.8376175548589342,0.8567961165048543,0.9245105687143161,0.9225632725944777,0.7056489578980056,0.7444271823356601,0.7347142500623908,0.7635574837310195,0.8065395095367848,0.5294117647058824,0.8185961713764813,0.6101398601398601,7.938039501594422,9.978455878704269,5.138537386989661,0.0
direct_week_ahead_missing_modality,4,week_plus_4,full,model1,tcn_hierarchical,test,0.8087986463620981,0.7980295566502463,0.9126231339422889,0.8662357029671126,0.6637909613134887,0.7127473436597873,0.7019822282980178,0.7256637168141593,0.7717528373266078,0.43478260869565216,0.7794871794871795,0.6072684642438453,7.439350055467083,14.600807625076143,4.222550224632402,0.0
direct_week_ahead_missing_modality,4,week_plus_4,drop_ntl,model1,linear_hierarchical,train,0.6949874413017364,0.6440749315933487,0.7876938614771055,0.7072207050510985,0.5596137280924645,0.5948288642574064,0.5917995839112344,0.6089285714285714,0.61985274065994,0.3811659192825112,0.6064059131506006,0.5817154959406989,7.76593153381741,7201.032437120705,7199.756390759545,0.0
direct_week_ahead_missing_modality,4,week_plus_4,drop_ntl,model1,linear_hierarchical,valid,0.7520661157024794,0.6805074971164936,0.8385116190126758,0.771358605134029,0.5971180922021811,0.6299389592912525,0.62569573283859,0.6597938144329897,0.6651515151515152,0.4227129337539432,0.6644628099173554,0.573469387755102,11.074675273781112,6744.71364941755,7201.432076487177,0.0
direct_week_ahead_missing_modality,4,week_plus_4,drop_ntl,model1,linear_hierarchical,test,0.7506382978723404,0.6517241379310345,0.8338923858448736,0.6860011984899105,0.571256815866227,0.6127288091265756,0.6084873374401095,0.5904761904761905,0.6496106785317018,0.38578680203045684,0.6355828220858896,0.5948275862068966,11.351019905103698,7208.990701785994,7200.524662803744,0.0
direct_week_ahead_missing_modality,4,week_plus_4,drop_ntl,model1,lightgbm_hierarchical,train,0.9049537289058247,0.9378784480825297,0.9721755609297444,0.9859166529907066,0.8679902006857271,0.8904139584487528,0.8863432165318957,0.9514991181657848,0.904363974001857,0.7230046948356808,0.9211775878442545,0.8399056285810583,2.2251919368313997,2.709065250886063,1.691371836381899,0.0
direct_week_ahead_missing_modality,4,week_plus_4,drop_ntl,model1,lightgbm_hierarchical,valid,0.8293269230769231,0.8399487836107554,0.9170177067022456,0.9077692459621145,0.7045875908513346,0.7497327502875889,0.7448518332496233,0.7483588621444202,0.8106666666666666,0.5024154589371981,0.8148804251550045,0.6466165413533834,5.6433073316195905,7.951865809791071,4.332361991790215,0.0
direct_week_ahead_missing_modality,4,week_plus_4,drop_ntl,model1,lightgbm_hierarchical,test,0.8122866894197952,0.7897623400365631,0.9079894004047153,0.8527580186645615,0.6798059452946316,0.7206922557499565,0.7140762463343109,0.7242524916943521,0.7726675427069645,0.4931506849315068,0.7718832891246684,0.6370757180156658,5.308495383693211,11.490216756714378,3.7241565181134235,0.0
direct_week_ahead_missing_modality,4,week_plus_4,drop_ntl,model1,catboost_hierarchical,train,0.8663534039995628,0.8773605383112655,0.9510818213723463,0.9648464183025036,0.8079888424041007,0.8332109582519122,0.8288030092696251,0.8979045920641997,0.8597466790237874,0.652049571020019,0.8690684018409777,0.7611749680715197,2.4411930271498328,3.345230085402733,1.9747333595088465,0.0
direct_week_ahead_missing_modality,4,week_plus_4,drop_ntl,model1,catboost_hierarchical,valid,0.8353658536585366,0.877370417193426,0.9238809467213036,0.9270352945455484,0.7229338306939492,0.7594862697323465,0.7540322580645161,0.7699115044247787,0.8184233835252436,0.5576923076923077,0.8176100628930818,0.651031894934334,5.809983827470726,8.494859364390061,4.254112501299313,0.0
direct_week_ahead_missing_modality,4,week_plus_4,drop_ntl,model1,catboost_hierarchical,test,0.8166089965397924,0.818018018018018,0.9121899497520443,0.8667058881373189,0.7008946093370108,0.7443883337004096,0.7386990077177509,0.7278688524590164,0.8031088082901554,0.5196850393700787,0.8063660477453581,0.6474442988204456,5.1204145545408375,11.749374947144547,3.5338961743432646,0.0
direct_week_ahead_missing_modality,4,week_plus_4,drop_ntl,model1,gru_hierarchical,train,0.8373052245646196,0.8236612144297558,0.93565578555973,0.939045495816063,0.7361446490767254,0.7810451149103032,0.769238014505039,0.8202898550724638,0.8311820652173914,0.5123639960435212,0.8411380102491607,0.6757493188010899,4.575653697072797,6.208763354287467,3.470296871672612,0.0
direct_week_ahead_missing_modality,4,week_plus_4,drop_ntl,model1,gru_hierarchical,valid,0.8383594692400482,0.8663484486873508,0.9197591469813523,0.9326238963111078,0.7070850350477726,0.7520553967724397,0.741645885286783,0.7991360691144709,0.8152173913043478,0.47715736040609136,0.8195488721804511,0.6243654822335025,6.8656198736232446,9.39858570507874,5.112390509492184,0.0
direct_week_ahead_missing_modality,4,week_plus_4,drop_ntl,model1,gru_hierarchical,test,0.810359231411863,0.8263888888888888,0.9104218334192987,0.8795073891559035,0.6982868390800945,0.7371209047710214,0.7230822153422772,0.7878787878787878,0.8030495552731893,0.5,0.8058510638297872,0.5946547884187082,6.866571924878239,14.262338715595085,4.222387603029133,0.0
direct_week_ahead_missing_modality,4,week_plus_4,drop_ntl,model1,tcn_hierarchical,train,0.8397575203019558,0.8345159075303273,0.9393522282789849,0.9392263976821886,0.7424832260756173,0.7828918999682997,0.7703300756039093,0.826044703595724,0.8361674296926096,0.5399239543726235,0.8428198433420365,0.667460199375093,4.542020081573212,6.208059066626649,3.439987248986797,0.0
direct_week_ahead_missing_modality,4,week_plus_4,drop_ntl,model1,tcn_hierarchical,valid,0.8323424494649228,0.8557575757575757,0.9176377619615399,0.9189264274414681,0.7121233140199268,0.7510991373180226,0.7392453737082432,0.7782608695652173,0.815068493150685,0.5294117647058824,0.8221198156682028,0.6157556270096463,6.719222891635066,9.484907952016075,5.132207516275697,0.0
direct_week_ahead_missing_modality,4,week_plus_4,drop_ntl,model1,tcn_hierarchical,test,0.8056478405315615,0.8128161888701517,0.8980675705109538,0.863889368342778,0.6722348822038852,0.7178292721651832,0.7044107965766951,0.7558139534883721,0.7756563245823389,0.4444444444444444,0.7881136950904393,0.5971459934138309,6.850255097487546,14.30217740723734,4.257417252263167,0.0
direct_week_ahead_missing_modality,4,week_plus_4,drop_firms,model1,linear_hierarchical,train,0.7038435472940265,0.6269503546099291,0.7758592499269816,0.6967986238543051,0.5491341091125945,0.5961850108753384,0.5929347059653082,0.5083916083916084,0.6410107801089603,0.39561943874058864,0.6262443438914027,0.5744043744304127,7.907979075436127,7201.410646930694,7199.702001410614,0.0
direct_week_ahead_missing_modality,4,week_plus_4,drop_firms,model1,linear_hierarchical,valid,0.7372549019607844,0.611904761904762,0.8063037123268887,0.6658303578776469,0.5716494274040341,0.6075493550786507,0.6069777217318201,0.5384615384615384,0.6505524861878453,0.44357976653696496,0.6366459627329193,0.5890073831009024,10.374802229343729,7206.664640240446,7200.985330311878,0.0
direct_week_ahead_missing_modality,4,week_plus_4,drop_firms,model1,linear_hierarchical,test,0.7341176470588235,0.5714285714285714,0.8079375275346421,0.5993746780281111,0.5521062794967924,0.5993835853544168,0.5987562925673675,0.5027624309392266,0.6432748538011696,0.38857142857142857,0.6192560175054704,0.6066666666666667,9.777096424250932,7208.936184494175,7199.905361940904,0.0
direct_week_ahead_missing_modality,4,week_plus_4,drop_firms,model1,lightgbm_hierarchical,train,0.9192744245252996,0.9673405909797823,0.986722458246894,0.9980239647361278,0.8992599136562502,0.8971604849815984,0.8889560748067206,0.9884032114183765,0.9430726009167529,0.8667255075022066,0.9170037210807312,0.7810945273631841,2.148859698190805,2.814329033559723,1.5558467848798836,0.0
direct_week_ahead_missing_modality,4,week_plus_4,drop_firms,model1,lightgbm_hierarchical,valid,0.8290030211480363,0.8530183727034121,0.9211335059889403,0.8883677161619526,0.7112167996532064,0.7490029469447405,0.7418949484795174,0.7423167848699763,0.8027801911381407,0.5462962962962963,0.8026819923371648,0.6620087336244541,5.694669281041492,8.94254452811643,4.01665231737879,0.0
direct_week_ahead_missing_modality,4,week_plus_4,drop_firms,model1,lightgbm_hierarchical,test,0.8123393316195373,0.7948243992606284,0.9062761909661721,0.7935975409300287,0.6751006287926693,0.7254857873675038,0.7162356321839081,0.7117437722419929,0.7823899371069183,0.45517241379310347,0.7889655172413793,0.6372315035799523,5.5594496495586725,12.37206403147087,3.6328720035873947,0.0
direct_week_ahead_missing_modality,4,week_plus_4,drop_firms,model1,catboost_hierarchical,train,0.865345905286577,0.8983420593368238,0.9587562540504948,0.9747425816759685,0.8286012113956336,0.852640079226231,0.8479769543014273,0.9127697841726619,0.8822402358142962,0.6837004405286343,0.8905334566759173,0.7737621397866582,2.364524158442709,3.426269049001797,1.7943874407317402,0.0
direct_week_ahead_missing_modality,4,week_plus_4,drop_firms,model1,catboost_hierarchical,valid,0.8391356542617047,0.8564167725540025,0.9245011267312522,0.9123213690965989,0.7239833493507128,0.759444683606057,0.7557580359402682,0.7494252873563219,0.8148788927335641,0.5754716981132075,0.8154121863799283,0.6647286821705426,5.557744965069215,8.77584508174254,3.877611064224741,0.0
direct_week_ahead_missing_modality,4,week_plus_4,drop_firms,model1,catboost_hierarchical,test,0.8143712574850299,0.7903525046382189,0.9090423252674961,0.8309219623617364,0.6799402593718127,0.7295620084223782,0.7247539190667153,0.6909090909090909,0.7885572139303483,0.4827586206896552,0.7958656330749354,0.6416107382550336,5.523382348431774,11.441396669843948,3.461999263334479,0.0
direct_week_ahead_missing_modality,4,week_plus_4,drop_firms,model1,gru_hierarchical,train,0.8294685454343725,0.8326160815402038,0.9384278996292912,0.9425967158070208,0.7149029699363005,0.7740703427830486,0.7639902676399026,0.735550277117973,0.8163384390955507,0.4738330975954738,0.842814863531733,0.7059781723407721,4.4706922805422895,6.09183093407914,3.3205709411396245,0.0
direct_week_ahead_missing_modality,4,week_plus_4,drop_firms,model1,gru_hierarchical,valid,0.8436754176610979,0.8629961587708067,0.9282648927420535,0.922964088047738,0.7193389271048286,0.7566192230372237,0.751453488372093,0.7602339181286549,0.8076285240464345,0.5508474576271186,0.8138056312443234,0.664179104477612,7.457446299774467,9.530633239594696,4.937483404734738,0.0
direct_week_ahead_missing_modality,4,week_plus_4,drop_firms,model1,gru_hierarchical,test,0.8165584415584416,0.8315018315018315,0.913415193606391,0.886449723099176,0.6919409678554426,0.7345264312858942,0.7277538868673503,0.7710843373493976,0.7937569676700111,0.47619047619047616,0.7860696517412935,0.6326034063260341,6.960490073654078,14.180470860577314,4.046798164583931,0.0
direct_week_ahead_missing_modality,4,week_plus_4,drop_firms,model1,tcn_hierarchical,train,0.843336483931947,0.8309245239733883,0.9337733450332546,0.9256016479409763,0.7133456165255074,0.7677029646284343,0.7606046291922531,0.7155737704918033,0.8252589375208821,0.5109947643979058,0.8327668252889191,0.6821337849280271,5.455957979352291,6.752878636989187,3.914426629916768,0.0
direct_week_ahead_missing_modality,4,week_plus_4,drop_firms,model1,tcn_hierarchical,valid,0.8287292817679558,0.8618090452261307,0.9200421533756888,0.885840693279087,0.7235772658085147,0.7560222913078289,0.749182389937107,0.7730061349693251,0.8185880250223414,0.5829145728643216,0.8272727272727273,0.6161048689138576,8.313260843694758,10.112844405751874,5.305569067508228,0.0
direct_week_ahead_missing_modality,4,week_plus_4,drop_firms,model1,tcn_hierarchical,test,0.8151986183074266,0.8077601410934744,0.9096549758150249,0.832631692132996,0.6826674857308398,0.7266857420590604,0.7199140401146131,0.7168674698795181,0.7964376590330788,0.5,0.7958656330749354,0.6041666666666666,7.725294405014389,14.70389329828604,4.356393069643732,0.0
direct_week_ahead_missing_modality,4,week_plus_4,drop_ntl_firms,model1,linear_hierarchical,train,0.6943038656186067,0.6429386265115218,0.7697729492628912,0.6823974223287825,0.5616687776489344,0.606566807278404,0.6028035733201511,0.5235158057054742,0.6516398330351819,0.42412193505632867,0.6650473645858634,0.544018949861824,7.991997149924705,7201.450841734388,7199.8720878036565,0.0
direct_week_ahead_missing_modality,4,week_plus_4,drop_ntl_firms,model1,linear_hierarchical,valid,0.7316176470588235,0.6053333333333333,0.8082749694244257,0.6580553741980748,0.591321691740983,0.6239942035758104,0.6227889757301522,0.5679012345679012,0.6577464788732394,0.47653429602888087,0.6742857142857143,0.5801407349491791,10.440667891737712,7205.691315960681,7201.062719364268,0.0
direct_week_ahead_missing_modality,4,week_plus_4,drop_ntl_firms,model1,linear_hierarchical,test,0.7193744569939183,0.5544933078393881,0.8043404382842824,0.5955947309040369,0.5763751752479065,0.6135182205799016,0.6125111176993774,0.5279503105590062,0.6478304742684158,0.46236559139784944,0.6564102564102564,0.5873192436040044,9.84682877619514,7208.947220852128,7200.019854089631,0.0
direct_week_ahead_missing_modality,4,week_plus_4,drop_ntl_firms,model1,lightgbm_hierarchical,train,0.8405766150560599,0.8413205537806177,0.9359948783772305,0.9353140555636118,0.7305955182215454,0.7838660629512134,0.7777729008471228,0.7615262321144675,0.829009255044758,0.5058087578194816,0.83991088478676,0.7167224613422605,2.941402714770076,4.78387847132571,2.4665517301836823,0.0
direct_week_ahead_missing_modality,4,week_plus_4,drop_ntl_firms,model1,lightgbm_hierarchical,valid,0.8364741641337387,0.8728179551122195,0.924181044415407,0.9320614989039864,0.7389770401210523,0.7701245050747172,0.7651688245747652,0.7822410147991543,0.8135593220338984,0.5943396226415094,0.8223255813953488,0.6824196597353497,5.819392385113313,8.942802397127021,4.6723993916411075,0.0
direct_week_ahead_missing_modality,4,week_plus_4,drop_ntl_firms,model1,lightgbm_hierarchical,test,0.8155172413793104,0.8228980322003577,0.9140565136063459,0.8900808583756906,0.7131154534608746,0.749828023059088,0.745427944403804,0.7795527156549521,0.7882653061224489,0.524822695035461,0.7973333333333333,0.675603217158177,5.527463438175763,12.109333301515003,3.897676552869154,0.0
direct_week_ahead_missing_modality,4,week_plus_4,drop_ntl_firms,model1,catboost_hierarchical,train,0.8368868816300808,0.8413205537806177,0.9359948783772305,0.9353257467102365,0.7305966159321383,0.7844234503272064,0.7794415915073577,0.7478797224363917,0.8349077822762033,0.5148895292987512,0.8398281681497392,0.7154778774996063,2.931297207961956,4.717138778538197,2.4835124708658682,0.0
direct_week_ahead_missing_modality,4,week_plus_4,drop_ntl_firms,model1,catboost_hierarchical,valid,0.83901855176541,0.8728179551122195,0.9278673574375972,0.9260853856425566,0.737264654032839,0.7713995370146621,0.7667332667332667,0.7818930041152263,0.8289241622574955,0.5829145728643216,0.8240574506283662,0.6685340802987861,5.806711776093512,8.898594629500332,4.665330015903449,0.0
direct_week_ahead_missing_modality,4,week_plus_4,drop_ntl_firms,model1,catboost_hierarchical,test,0.8200339558573854,0.8228980322003577,0.9125086851117574,0.8721187256749197,0.7144899515617891,0.7510981153841149,0.7470313062252609,0.782608695652174,0.7994955863808323,0.5303030303030303,0.803088803088803,0.6569536423841059,5.517099975236104,12.071856815633597,3.889944078505953,0.0
direct_week_ahead_missing_modality,4,week_plus_4,drop_ntl_firms,model1,gru_hierarchical,train,0.8407628407628408,0.8341520467836258,0.932964893582559,0.9310698591628124,0.7332755187714105,0.7861660000801187,0.7814165294060653,0.7652705061082025,0.8324180396072558,0.5084388185654009,0.8385971034723434,0.7216531261038502,4.653253001332989,6.217112364640209,3.4452494430233047,0.0
direct_week_ahead_missing_modality,4,week_plus_4,drop_ntl_firms,model1,gru_hierarchical,valid,0.8401215805471125,0.8678304239401496,0.9249935389803594,0.9245204045807411,0.732875359592318,0.7658495523056938,0.7605417837975977,0.7822410147991543,0.8242640499553969,0.5829145728643216,0.8223255813953488,0.6526315789473685,7.316516858316431,9.608050785676388,4.98625189476639,0.0
direct_week_ahead_missing_modality,4,week_plus_4,drop_ntl_firms,model1,gru_hierarchical,test,0.8275862068965517,0.815742397137746,0.9103789742821251,0.8803575065242879,0.7129526443133901,0.7496087831061337,0.7452135493372607,0.7795527156549521,0.8035714285714286,0.5303030303030303,0.7973333333333333,0.6540027137042063,6.836498535827256,14.272627658116345,4.148259804052765,0.0
direct_week_ahead_missing_modality,4,week_plus_4,drop_ntl_firms,model1,tcn_hierarchical,train,0.825810765630224,0.8411037107516651,0.9319796648843268,0.9310128909614509,0.722791145902861,0.7753757048768117,0.7720465890183028,0.7448159119763013,0.828095537397863,0.508551881413911,0.82714426552744,0.7053481331987891,4.6459952406925,6.301619595040052,3.4011246413089595,0.0
direct_week_ahead_missing_modality,4,week_plus_4,drop_ntl_firms,model1,tcn_hierarchical,valid,0.8403946604759142,0.8846641318124208,0.9250658767736986,0.9235819600889312,0.735748720177562,0.7666645129651313,0.7623931623931623,0.823045267489712,0.8229342327150084,0.5698924731182796,0.8192982456140351,0.6435733819507748,7.269373297340203,9.661256931820592,5.030826973383097,0.0
direct_week_ahead_missing_modality,4,week_plus_4,drop_ntl_firms,model1,tcn_hierarchical,test,0.8138385502471169,0.8218181818181818,0.910500784548491,0.878372557525987,0.708798362143408,0.7429302687270026,0.7403237156931738,0.8198757763975155,0.8009650180940893,0.5040650406504065,0.7748427672955975,0.6442432082794308,6.757438744042352,14.300803659059895,4.175575133782461,0.0
direct_week_ahead_missing_modality,4,week_plus_4,drop_unosat,model1,linear_hierarchical,train,0.6893899667890229,0.5609519184069937,0.7484564818682918,0.6031029047604415,0.5369831841835933,0.5752884968552665,0.5713420634319885,0.5625,0.6100528450288805,0.3634085213032581,0.5796831314072693,0.569271423178558,8.266171854387919,8.594308432227724,6.1539059681492265,0.0
direct_week_ahead_missing_modality,4,week_plus_4,drop_unosat,model1,linear_hierarchical,valid,0.7331975560081466,0.6349206349206349,0.8130622931862086,0.71457181937695,0.5690389435188746,0.6072467175403182,0.5974736842105263,0.632768361581921,0.6412966878083157,0.3670212765957447,0.6416083916083916,0.5625,15.146639417612743,14.51145369127934,8.667960002517336,0.0
direct_week_ahead_missing_modality,4,week_plus_4,drop_unosat,model1,linear_hierarchical,test,0.7375886524822695,0.5544147843942505,0.8001096391013995,0.6240042903762403,0.5447038489225178,0.58554609409744,0.5813234384662956,0.569620253164557,0.6275303643724697,0.35514018691588783,0.5915492957746479,0.5796791443850268,15.061471518251611,18.051070282126847,7.363679561710772,0.0
direct_week_ahead_missing_modality,4,week_plus_4,drop_unosat,model1,lightgbm_hierarchical,train,0.9285332763593633,0.9800044933722759,0.9885433218411736,0.998722354336481,0.9064991672527588,0.9276396516589871,0.9239667215375718,0.9977467327625056,0.9356937509456801,0.7576687116564417,0.9520846297448662,0.8893020111543012,2.0065613678211816,2.4162161742021167,1.4308668038022578,0.0
direct_week_ahead_missing_modality,4,week_plus_4,drop_unosat,model1,lightgbm_hierarchical,valid,0.8320565704183854,0.851994851994852,0.9197651145678403,0.8979059997693616,0.7095507541263957,0.7525365322950811,0.7479757085020243,0.7365967365967366,0.8073878627968337,0.5214007782101168,0.8041958041958042,0.6781725888324873,5.43389882787719,8.455341420417971,3.907487801125624,0.0
direct_week_ahead_missing_modality,4,week_plus_4,drop_unosat,model1,lightgbm_hierarchical,test,0.8030431107354185,0.8007312614259597,0.9047114131122951,0.7904821101635243,0.6780575718673207,0.729993507973016,0.7200292397660819,0.7240143369175627,0.7896103896103897,0.4444444444444444,0.7898259705488622,0.6423927178153446,5.401739490033325,12.084746001820324,3.669623257207354,0.0
direct_week_ahead_missing_modality,4,week_plus_4,drop_unosat,model1,catboost_hierarchical,train,0.8828950325915936,0.8908742820676452,0.9590214885793196,0.9772255295939978,0.8416690233282337,0.859581590502344,0.8565645661854001,0.9250225835591689,0.8808555505347191,0.7184986595174263,0.8874901652242329,0.7964781578056214,2.2990419121257055,3.190982275159223,1.7266751683937451,0.0
direct_week_ahead_missing_modality,4,week_plus_4,drop_unosat,model1,catboost_hierarchical,valid,0.8296943231441049,0.8680641183723797,0.9233357381021727,0.9117076285169456,0.7260749874557824,0.764783359301556,0.7625349961822346,0.7777777777777778,0.8181818181818182,0.543778801843318,0.8191489361702128,0.6714876033057852,5.70297480167386,8.353597340968431,3.9447923420800004,0.0
direct_week_ahead_missing_modality,4,week_plus_4,drop_unosat,model1,catboost_hierarchical,test,0.8170515097690941,0.8107142857142857,0.909343438106548,0.8118303216839399,0.6979831952669364,0.7394518738950244,0.7350870692849203,0.7394366197183099,0.7964601769911505,0.5147058823529411,0.7984293193717278,0.6408839779005525,5.494875874912674,11.861963099475723,3.41220078658566,0.0
direct_week_ahead_missing_modality,4,week_plus_4,drop_unosat,model1,gru_hierarchical,train,0.8366433245322007,0.8127316328755178,0.9359722184873778,0.933956723473081,0.7233225427902148,0.7704445391676861,0.760218346425243,0.7900422733677783,0.8258329385757145,0.5039787798408488,0.8298927828452553,0.6668659393214766,4.971675988735104,6.522403725291044,3.6708950879327897,0.0
direct_week_ahead_missing_modality,4,week_plus_4,drop_unosat,model1,gru_hierarchical,valid,0.8424953675108091,0.8629320619785459,0.9268608716470965,0.9302455593924978,0.7167474819550056,0.7519624180481231,0.74356483729966,0.775599128540305,0.8112379280070237,0.5544554455445545,0.8208695652173913,0.6215753424657534,7.232983541193746,9.673362735308869,5.351627161980745,0.0
direct_week_ahead_missing_modality,4,week_plus_4,drop_unosat,model1,gru_hierarchical,test,0.7986906710310966,0.8241206030150754,0.9065703562425818,0.8719690586122792,0.6801756589095392,0.7255184216111503,0.7150292778139232,0.764179104477612,0.7933491686460807,0.4539877300613497,0.7862232779097387,0.6031390134529148,7.200651659582936,14.490604769360738,4.613886571726282,0.0
direct_week_ahead_missing_modality,4,week_plus_4,drop_unosat,model1,tcn_hierarchical,train,0.8680196949681758,0.847228481297882,0.9531147020368052,0.9516911722871355,0.7667013146520338,0.7997442361080336,0.7941791808080338,0.8318417333961375,0.8408694272568618,0.6015037593984962,0.8451495620558586,0.714142091152815,4.752591684102092,6.265178005312577,3.5934399199893607,0.0
direct_week_ahead_missing_modality,4,week_plus_4,drop_unosat,model1,tcn_hierarchical,valid,0.8401253918495298,0.8535980148883374,0.9217075858252961,0.9146324891910421,0.700144915336878,0.7492827513168215,0.7435834759227573,0.7510729613733905,0.8136170212765957,0.47706422018348627,0.8197009674582234,0.639269406392694,7.292474837176271,9.524578836856502,5.54056711908068,0.0
direct_week_ahead_missing_modality,4,week_plus_4,drop_unosat,model1,tcn_hierarchical,test,0.8208191126279863,0.7986463620981388,0.904287862966365,0.8580091355135142,0.6587134832395648,0.7147469616980158,0.7062374245472837,0.6803519061583577,0.7785714285714286,0.42528735632183906,0.7777777777777778,0.631578947368421,7.341652223303946,14.518551170014861,4.541166463421249,0.0
direct_week_ahead_missing_modality,4,week_plus_4,full,model2,linear_hierarchical,train,0.8244862072755248,0.8428347864967584,0.9240268652690911,0.9322901400591462,0.7147667859231548,0.7658319333304586,0.7551254860374691,0.797624938149431,0.8147686555538246,0.46405228758169936,0.8228371501272265,0.6745508982035928,3.9322098256356846,7198.660237499178,7197.092772159644,0.0
direct_week_ahead_missing_modality,4,week_plus_4,full,model2,linear_hierarchical,valid,0.839924670433145,0.8880208333333334,0.930946606404836,0.9551233604266506,0.7137219447790768,0.7528067165579672,0.7427427427427428,0.8089887640449438,0.8063943161634103,0.5037593984962406,0.8114075436982521,0.6380597014925373,25.408971222654692,7201.985880987855,7216.989593296344,0.0
direct_week_ahead_missing_modality,4,week_plus_4,full,model2,linear_hierarchical,test,0.8156329651656754,0.8526315789473684,0.9187857131319205,0.9360836745599256,0.6824393396497755,0.7229036933811583,0.7122252747252747,0.8,0.7595561035758323,0.44324324324324327,0.7782002534854245,0.6311970979443773,96.44118662041389,7206.8862973236555,7300.9132843081525,0.0
direct_week_ahead_missing_modality,4,week_plus_4,full,model2,lightgbm_hierarchical,train,0.9467546754675468,0.9866787085120795,0.9924013387223003,0.9993838068017816,0.9292754965011032,0.9349246048670866,0.9343193092044828,0.9977507872244714,0.9209750038813849,0.854419410745234,0.9496062992125984,0.9236259814418273,1.6998732417248523,2.0054196837774083,1.1893601984816347,0.0
direct_week_ahead_missing_modality,4,week_plus_4,full,model2,lightgbm_hierarchical,valid,0.8423645320197044,0.8730569948186528,0.9307120310557346,0.9507528573835998,0.7308910824260477,0.7719680597178,0.7691904637149594,0.8118393234672304,0.8062157221206582,0.5086206896551724,0.8195829555757026,0.7081967213114754,3.6054497847636546,7.487073766260801,2.5405048485895874,0.0
direct_week_ahead_missing_modality,4,week_plus_4,full,model2,lightgbm_hierarchical,test,0.8188034188034188,0.8362989323843416,0.9172253281641045,0.9241237572963784,0.703928033720804,0.7479727712975263,0.7430044182621502,0.8109756097560976,0.7857142857142857,0.45454545454545453,0.7989487516425755,0.6694560669456067,3.765846926321187,9.833326239577156,2.288102119271559,0.0
direct_week_ahead_missing_modality,4,week_plus_4,full,model2,catboost_hierarchical,train,0.882737238401063,0.9237403540626419,0.9594279056982516,0.9796806679409199,0.8409924062241034,0.8629468388874334,0.8590851791824239,0.9363228699551569,0.8842009409622097,0.6913183279742765,0.8906422597443585,0.8024776324845148,1.8702732196684047,2.5151373772976076,1.4009280422940877,0.0
direct_week_ahead_missing_modality,4,week_plus_4,full,model2,catboost_hierarchical,valid,0.8471454880294659,0.8821989528795812,0.935913130190831,0.954315695711457,0.7431674971096316,0.777808476535917,0.7746514575411914,0.8127659574468085,0.8114682884448305,0.5573770491803278,0.8196428571428571,0.7145833333333333,3.5900931066398725,7.776547226137058,2.624883036897093,0.0
direct_week_ahead_missing_modality,4,week_plus_4,full,model2,catboost_hierarchical,test,0.8239258635214828,0.8535714285714285,0.9228396372911452,0.9339717633636687,0.7133127477434893,0.7513918982874993,0.7448618001417434,0.8213166144200627,0.7934918648310388,0.49079754601226994,0.796895213454075,0.6640625,3.775463466656698,10.488108616718048,2.2737637990126682,0.0
direct_week_ahead_missing_modality,4,week_plus_4,full,model2,gru_hierarchical,train,0.8452326116996776,0.861656294877932,0.9444258247932407,0.9531708641096215,0.757256194882227,0.8036826652906669,0.7937631528601492,0.8584955286691215,0.8426395939086294,0.5062111801242236,0.8483175150992235,0.7306171566099364,3.13033292159046,5.57986698677584,2.4385392655299842,0.0
direct_week_ahead_missing_modality,4,week_plus_4,full,model2,gru_hierarchical,valid,0.8329268292682926,0.8519553072625698,0.9242602993198186,0.9416289216862457,0.7272763742317595,0.7637250865060222,0.7597938144329897,0.8141176470588235,0.8017391304347826,0.5258215962441315,0.8122109158186864,0.6824925816023739,5.7506232608795065,8.640152571154308,4.072107249411637,0.0
direct_week_ahead_missing_modality,4,week_plus_4,full,model2,gru_hierarchical,test,0.8115264797507789,0.8478260869565217,0.9142274479958299,0.9243501209965485,0.6979159588533567,0.7399955433256207,0.7310841794955781,0.8111455108359134,0.7848970251716247,0.45652173913043476,0.7932285368802902,0.6437869822485207,5.085704941795744,13.326101739137023,2.9790435878904935,0.0
direct_week_ahead_missing_modality,4,week_plus_4,full,model2,tcn_hierarchical,train,0.8449898725128083,0.8489208633093526,0.9346563335540223,0.9350979560158917,0.7055577305225105,0.765965465649703,0.7565463892759333,0.7235973597359736,0.8270056124133377,0.46466431095406363,0.8247909850963286,0.6877303844128488,4.032124904989112,6.341788261326767,3.1445100646271826,0.0
direct_week_ahead_missing_modality,4,week_plus_4,full,model2,tcn_hierarchical,valid,0.844796104686549,0.8586810228802153,0.9297532783579797,0.9430736140738162,0.6996951800821783,0.7381143309995544,0.7311009639776763,0.7518796992481203,0.7868561278863233,0.5188284518828452,0.7988165680473372,0.6420950533462657,5.868581380346052,9.343857365088073,4.685529989522565,0.0
direct_week_ahead_missing_modality,4,week_plus_4,full,model2,tcn_hierarchical,test,0.8214876033057851,0.8465804066543438,0.9176647210687361,0.9231717084647901,0.6647156538205532,0.7163816537437258,0.7070637119113573,0.6939890710382514,0.7612121212121212,0.4406779661016949,0.7831978319783198,0.6445012787723785,4.584300847262281,13.785006276094975,3.376849395104553,0.0
direct_week_ahead_missing_modality,4,week_plus_4,drop_ntl,model2,linear_hierarchical,train,0.8265956214525657,0.8410922112802148,0.9230829934823734,0.9311473276981801,0.7165999626238261,0.769465706693343,0.7648401826484018,0.7962413452027696,0.8130461922596754,0.4577540106951872,0.8244858919177427,0.691472373043756,3.936113830978774,4.458758147965548,7197.105949603559,0.0
direct_week_ahead_missing_modality,4,week_plus_4,drop_ntl,model2,linear_hierarchical,valid,0.84,0.8929032258064517,0.930382956466214,0.9551120374554252,0.718920449728866,0.7576172268281501,0.7515956088843503,0.7944572748267898,0.8088495575221238,0.5225225225225225,0.8168498168498168,0.6519230769230769,26.94232207742097,6.750028755213084,7218.246570366168,0.0
direct_week_ahead_missing_modality,4,week_plus_4,drop_ntl,model2,linear_hierarchical,test,0.8126649076517151,0.8501742160278746,0.9193587934660208,0.9367803675448368,0.6907410357709367,0.7285809185351114,0.7231638418079096,0.8053691275167785,0.7642679900744417,0.46258503401360546,0.7742749054224464,0.6472081218274112,103.01218726435141,15.008688846031742,7311.1577911426475,0.0
direct_week_ahead_missing_modality,4,week_plus_4,drop_ntl,model2,lightgbm_hierarchical,train,0.9062064529960339,0.9683340982101881,0.9793285069424222,0.993479161596287,0.9131276570064097,0.9226694979940336,0.9217000183587296,0.9844236760124611,0.9317220543806647,0.8273444347063978,0.9374117647058824,0.884736355226642,1.819838587112534,2.286045392524805,1.3321335527341254,0.0
direct_week_ahead_missing_modality,4,week_plus_4,drop_ntl,model2,lightgbm_hierarchical,valid,0.8318478906714201,0.8602150537634409,0.9270634154182802,0.9423113624319687,0.7216844908067126,0.7664167151308964,0.7667093469910371,0.8,0.8132427843803056,0.49038461538461536,0.8204683434518647,0.6843267108167771,3.595775891359488,6.923253187034752,2.595625138569027,0.0
direct_week_ahead_missing_modality,4,week_plus_4,drop_ntl,model2,lightgbm_hierarchical,test,0.8107667210440457,0.8487084870848709,0.9196617774414089,0.9242838573435829,0.7041973844138689,0.7497825118095353,0.7488151658767772,0.8073394495412844,0.7896039603960396,0.4492753623188406,0.7944162436548223,0.6803519061583577,3.8156726812008466,9.459395915766429,2.289491915537064,0.0
direct_week_ahead_missing_modality,4,week_plus_4,drop_ntl,model2,catboost_hierarchical,train,0.8638989942221271,0.9057544177616674,0.9543415154196006,0.9708041725172403,0.8157078791030692,0.845219907748818,0.840184314977873,0.9086092715231788,0.8713024624438593,0.6364347146207975,0.8738340697103584,0.7883588772171517,1.9798268035762998,2.7011037543069256,1.4976252387201858,0.0
direct_week_ahead_missing_modality,4,week_plus_4,drop_ntl,model2,catboost_hierarchical,valid,0.8428487345497352,0.8758169934640523,0.9354425666301084,0.9510047603619999,0.7475103712948222,0.7816270866484051,0.7773797338792221,0.8129032258064516,0.8241469816272966,0.570281124497992,0.8228782287822878,0.7073422957600828,3.9819823488015427,6.842324624118522,2.6540456220864326,0.0
direct_week_ahead_missing_modality,4,week_plus_4,drop_ntl,model2,catboost_hierarchical,test,0.819078947368421,0.8525179856115108,0.9233703213214695,0.934885790991194,0.7162658432695983,0.7549993388048715,0.7492774566473989,0.8024316109422492,0.7969543147208121,0.5063291139240507,0.8026666666666666,0.6729475100942126,3.7344621437410326,10.168348396964687,2.333143920855997,0.0
direct_week_ahead_missing_modality,4,week_plus_4,drop_ntl,model2,gru_hierarchical,train,0.8202876276210341,0.8610271903323263,0.9357721432253046,0.9456709305673343,0.7585649308612947,0.8014084946834064,0.7974599949199899,0.8592671269251195,0.8355721816017684,0.5209205020920502,0.8422163588390501,0.7348484848484849,3.171554671001634,5.639751623555958,2.3861996311222406,0.0
direct_week_ahead_missing_modality,4,week_plus_4,drop_ntl,model2,gru_hierarchical,valid,0.8160724391624222,0.8617021276595744,0.9195187140318813,0.9477719848881689,0.7371308001028134,0.7664312757051985,0.7628865979381443,0.812206572769953,0.8065099457504521,0.5769230769230769,0.8089887640449438,0.681025641025641,5.4594270698147,8.754326905220367,3.746185645507755,0.0
direct_week_ahead_missing_modality,4,week_plus_4,drop_ntl,model2,gru_hierarchical,test,0.8067484662576687,0.8487084870848709,0.9120065548600101,0.9278853287764501,0.7176066967505536,0.7560083117046271,0.75177304964539,0.8172757475083057,0.8,0.5,0.8015170670037927,0.6692406692406693,5.06584574643457,13.391847323018743,2.920187692944472,0.0
direct_week_ahead_missing_modality,4,week_plus_4,drop_ntl,model2,tcn_hierarchical,train,0.8436951176677204,0.8482469911041339,0.9379650409467022,0.940839775050667,0.7348857864688403,0.7868075091757184,0.7859839903337864,0.8193786203264877,0.8330152671755725,0.47549019607843135,0.8357946554149086,0.7107501933488012,3.5577794967572713,5.806974139567885,2.730704599379846,0.0
direct_week_ahead_missing_modality,4,week_plus_4,drop_ntl,model2,tcn_hierarchical,valid,0.8357487922705314,0.8664850136239782,0.9265825936765282,0.950450677642123,0.7102620993012561,0.7515839943264171,0.751421188630491,0.7964989059080962,0.8,0.4919786096256685,0.8074418604651162,0.6553911205073996,5.21026706354164,8.73734949858022,3.9454024181547878,0.0
direct_week_ahead_missing_modality,4,week_plus_4,drop_ntl,model2,tcn_hierarchical,test,0.8170631665299426,0.85451197053407,0.914972410616492,0.9290125157547237,0.6897071913360528,0.7315982140169093,0.7299682315566537,0.7935483870967742,0.7772727272727272,0.45588235294117646,0.7847133757961784,0.6371191135734072,4.506829211941092,13.02587130773474,2.892428347918802,0.0
direct_week_ahead_missing_modality,4,week_plus_4,drop_firms,model2,linear_hierarchical,train,0.8288673722134654,0.8411882957337503,0.9234820731666348,0.9314358679165912,0.7161303780286741,0.7646249719157946,0.755884686590849,0.7892335766423357,0.8119058750194795,0.4833183047790803,0.8221444479796373,0.6740496857228375,3.9374220785247998,4.416327490115176,7197.120755911,0.0
direct_week_ahead_missing_modality,4,week_plus_4,drop_firms,model2,linear_hierarchical,valid,0.8409669211195929,0.8819714656290532,0.9334903806169742,0.9525906282815716,0.7274864141267375,0.7606796762323272,0.7531422825540472,0.8284518828451883,0.810172570390554,0.5395348837209303,0.814404432132964,0.6448683015440508,25.832627067435972,7.015437090759366,7217.212285735771,0.0
direct_week_ahead_missing_modality,4,week_plus_4,drop_firms,model2,linear_hierarchical,test,0.8160418482999128,0.8551236749116607,0.9190194908491776,0.9348132051393477,0.6903220336190744,0.7301386857677438,0.7225094794898311,0.7974683544303798,0.7663782447466008,0.46153846153846156,0.7868020304568528,0.6394230769230769,95.99479891499125,10.573765992262617,7296.770230950678,0.0
direct_week_ahead_missing_modality,4,week_plus_4,drop_firms,model2,lightgbm_hierarchical,train,0.941240955930717,0.985781990521327,0.9912662318263754,0.9993907406542721,0.9405256782770067,0.93410128638801,0.9342627642876927,0.995483288166215,0.9116220866572814,0.9259962049335864,0.9502035703100532,0.9193232413178984,1.7396184199459723,2.323178327874973,1.241005144636907,0.0
direct_week_ahead_missing_modality,4,week_plus_4,drop_firms,model2,lightgbm_hierarchical,valid,0.8417799752781211,0.8646517739816032,0.9327994156675243,0.9502237011214268,0.7306985771306134,0.7708459749946006,0.7693118903242816,0.8214285714285714,0.8029739776951673,0.504950495049505,0.8154121863799283,0.7087276550998949,3.4686916967617347,6.987428382513582,2.5266515095058004,0.0
direct_week_ahead_missing_modality,4,week_plus_4,drop_firms,model2,lightgbm_hierarchical,test,0.8228279386712095,0.8330341113105925,0.9203932505043434,0.9259037331031256,0.7041773098730904,0.7561801308173881,0.753558052434457,0.8514851485148515,0.786096256684492,0.3851851851851852,0.7989556135770235,0.6991643454038997,3.6857241238849863,8.551914415722267,2.316231944565787,0.0
direct_week_ahead_missing_modality,4,week_plus_4,drop_firms,model2,catboost_hierarchical,train,0.8743169398907104,0.9227642276422764,0.9607699198768489,0.9794339872333019,0.8361391581737572,0.8555334801948214,0.8517787468441588,0.9285384970032273,0.8728414442700158,0.6993865030674846,0.8864621808254376,0.79346716570262,1.8815136648316368,2.7063142383548784,1.4310692844004493,0.0
direct_week_ahead_missing_modality,4,week_plus_4,drop_firms,model2,catboost_hierarchical,valid,0.8461998803111909,0.8751642575558476,0.9365500205849159,0.9541038745735269,0.7494941904069612,0.7811082267623772,0.7776049766718507,0.8453159041394336,0.8174386920980926,0.5622119815668203,0.8201834862385321,0.7023208879919274,3.7727786062084765,7.523171607078452,2.6391842241062715,0.0
direct_week_ahead_missing_modality,4,week_plus_4,drop_firms,model2,catboost_hierarchical,test,0.8258706467661692,0.8458781362007168,0.9235142442158036,0.93244316798695,0.7170588122554361,0.7506489972431294,0.7449981811567843,0.8431372549019608,0.7844155844155845,0.5,0.7963446475195822,0.6613965744400527,3.9624420700500886,8.269951899910264,2.2635148513781997,0.0
direct_week_ahead_missing_modality,4,week_plus_4,drop_firms,model2,gru_hierarchical,train,0.8326355097883897,0.8093284387821205,0.9374704726461756,0.9436630250474549,0.7406731766631689,0.7909021984683208,0.7831439393939394,0.8285714285714286,0.8349514563106796,0.485256950294861,0.8389675270607827,0.7156185210780927,3.272340669810235,5.823796444835509,2.4889057303735074,0.0
direct_week_ahead_missing_modality,4,week_plus_4,drop_firms,model2,gru_hierarchical,valid,0.840047393364929,0.8588807785888077,0.9291633442782713,0.9461969498055942,0.7327531548136144,0.7629472545798193,0.7590209437294979,0.8344671201814059,0.8010335917312662,0.5507246376811594,0.8057553956834532,0.6717850287907869,5.724179218241797,8.874698209811255,3.9644251498273078,0.0
direct_week_ahead_missing_modality,4,week_plus_4,drop_firms,model2,gru_hierarchical,test,0.8193548387096774,0.8219633943427621,0.9212386372010567,0.9325018964607676,0.7159785663601848,0.7527006716605069,0.7457171649311387,0.8355263157894737,0.7967667436489607,0.4939759036144578,0.8033775633293124,0.6502463054187192,4.783951885489781,13.356878875411297,3.062339000322223,0.0
direct_week_ahead_missing_modality,4,week_plus_4,drop_firms,model2,tcn_hierarchical,train,0.8421949142231415,0.8429543735820519,0.9331510645159489,0.9323755422171554,0.7066182695589908,0.7649451634272721,0.7579145138562705,0.7185826122785332,0.8246872393661384,0.4814398200224972,0.8331637843336724,0.6752178917941128,4.357290964371111,6.371569070875203,3.222647043308134,0.0
direct_week_ahead_missing_modality,4,week_plus_4,drop_firms,model2,tcn_hierarchical,valid,0.8401253918495298,0.8559892328398385,0.9288561714387268,0.9420142496389651,0.7075717947615365,0.7448112600579638,0.7397732873336619,0.7728155339805826,0.792149866190901,0.5240641711229946,0.8064806480648065,0.6423487544483986,6.025463284861233,9.308073322881013,4.794093880588671,0.0
direct_week_ahead_missing_modality,4,week_plus_4,drop_firms,model2,tcn_hierarchical,test,0.8215200683176772,0.8390596745027125,0.9181733711135096,0.9288480539307947,0.6888822710945073,0.7281808982606446,0.7214890016920473,0.7298050139275766,0.7888349514563107,0.5179856115107914,0.7896039603960396,0.6181818181818182,4.486994852804109,13.62672935903853,3.5018162946521025,0.0
direct_week_ahead_missing_modality,4,week_plus_4,drop_ntl_firms,model2,linear_hierarchical,train,0.8245512449334106,0.8407871198568873,0.9224442773751984,0.9301906985421,0.7128026813090493,0.7665994971163393,0.7622906537007024,0.7729591836734694,0.8129193321891091,0.46551724137931033,0.8239987234721557,0.6886189258312021,3.9497187915484373,4.4435686677194575,7197.141177163045,0.0
direct_week_ahead_missing_modality,4,week_plus_4,drop_ntl_firms,model2,linear_hierarchical,valid,0.8388349514563107,0.8857509627727856,0.9327022540792568,0.9525039544741274,0.7324834912962588,0.7642639619511155,0.7591649694501018,0.8220858895705522,0.809437386569873,0.5567010309278351,0.8175046554934823,0.656688493919551,27.739882605082443,6.161850727811871,7219.03481649602,0.0
direct_week_ahead_missing_modality,4,week_plus_4,drop_ntl_firms,model2,linear_hierarchical,test,0.8131089459698848,0.8526315789473684,0.9197001485708535,0.9353124016160759,0.7008304810283407,0.7334953892514278,0.7293049249039469,0.7696969696969697,0.7707558859975217,0.5294117647058824,0.7818411097099621,0.6524466750313677,102.01408120642566,12.077067290223267,7306.774216594135,0.0
direct_week_ahead_missing_modality,4,week_plus_4,drop_ntl_firms,model2,lightgbm_hierarchical,train,0.8670433948182109,0.9400749063670412,0.9605830459152143,0.9836692447816845,0.8766161935115783,0.883701361539007,0.8831991061868628,0.9482833550630161,0.8953452996653484,0.8042024832855779,0.9048843187660668,0.8303655107778819,1.9095802214989104,2.839056185143512,1.4348519896642196,0.0
direct_week_ahead_missing_modality,4,week_plus_4,drop_ntl_firms,model2,lightgbm_hierarchical,valid,0.8408018867924528,0.8629032258064516,0.9326597974460877,0.9474381112170791,0.7318112286592008,0.7706656452110106,0.771674043217912,0.8118393234672304,0.809931506849315,0.5208333333333334,0.8118811881188119,0.7045707915273133,3.4950686008346357,6.06887561927591,2.591787283451969,0.0
direct_week_ahead_missing_modality,4,week_plus_4,drop_ntl_firms,model2,lightgbm_hierarchical,test,0.815359477124183,0.8326996197718631,0.917629183303112,0.9272743166072138,0.7008793595773861,0.7516196084908435,0.7523949889462048,0.8012422360248447,0.7864077669902912,0.421875,0.7948717948717948,0.7,3.639909529844812,7.241354900636566,2.3537653092063926,0.0
direct_week_ahead_missing_modality,4,week_plus_4,drop_ntl_firms,model2,catboost_hierarchical,train,0.8558625840179238,0.8752407447036166,0.9511009544131697,0.9671335007461774,0.8074702593848407,0.8412495470094403,0.8376569804748373,0.8911253430924062,0.8701733049559136,0.619409282700422,0.878064210026886,0.7785791561485755,1.9817246815139313,3.060286558139334,1.541045791200416,0.0
direct_week_ahead_missing_modality,4,week_plus_4,drop_ntl_firms,model2,catboost_hierarchical,valid,0.8486646884272997,0.8702101359703337,0.9370236009617124,0.9531224742470881,0.7470389089191525,0.784961927129848,0.7822954194544519,0.8292682926829268,0.8279475982532751,0.5422222222222223,0.8304932735426009,0.7052631578947368,3.6344326160150144,5.962456400559063,2.5470105025448357,0.0
direct_week_ahead_missing_modality,4,week_plus_4,drop_ntl_firms,model2,catboost_hierarchical,test,0.826955074875208,0.843585237258348,0.9221145825312981,0.9338123206238529,0.7242614232563633,0.7597766667347606,0.7573878146661802,0.8431372549019608,0.7950617283950617,0.5,0.7923566878980892,0.6907514450867052,3.741853569481305,16.86059846509825,2.3927879702132993,0.0
direct_week_ahead_missing_modality,4,week_plus_4,drop_ntl_firms,model2,gru_hierarchical,train,0.8325533614884145,0.8450704225352113,0.9355595095590324,0.9391604390074018,0.737388698234595,0.7850420783629026,0.7797447509263071,0.814221331997997,0.8181818181818182,0.4966949952785647,0.8303249097472925,0.7275204359673024,3.5824811989325442,5.9337087381520845,2.7355884247107802,0.0
direct_week_ahead_missing_modality,4,week_plus_4,drop_ntl_firms,model2,gru_hierarchical,valid,0.8432304038004751,0.8730569948186528,0.9357802721533225,0.9528688558122513,0.7441151888101071,0.7714864690653066,0.7678947368421053,0.8369098712446352,0.7966417910447762,0.5740740740740741,0.8076555023923445,0.7052947052947053,5.376385194566162,8.884964943765915,3.841515002283422,0.0
direct_week_ahead_missing_modality,4,week_plus_4,drop_ntl_firms,model2,gru_hierarchical,test,0.8223844282238443,0.851985559566787,0.9250233773368123,0.9344551400161337,0.7233679961095367,0.7545177792832247,0.7503649635036497,0.8181818181818182,0.7934093789607097,0.5405405405405406,0.7989623865110247,0.6657458563535912,4.9039591976183114,13.487502869796288,3.2855950804852494,0.0
direct_week_ahead_missing_modality,4,week_plus_4,drop_ntl_firms,model2,tcn_hierarchical,train,0.8442542787286064,0.8371984071211056,0.9342103058588217,0.9392747132731303,0.7316361893838748,0.7776347472101952,0.7758418259521909,0.821659215101838,0.8217446270543616,0.4898395721925134,0.8133230054221534,0.7116145271485077,3.2424013341180333,5.826970221447593,2.637059536077328,0.0
direct_week_ahead_missing_modality,4,week_plus_4,drop_ntl_firms,model2,tcn_hierarchical,valid,0.8445006321112516,0.8776796973518285,0.9336056363367542,0.9552168329151103,0.7261553963091799,0.7581175427613946,0.7562408223201175,0.8211920529801324,0.793597304128054,0.538860103626943,0.8016806722689076,0.6754468485418627,4.841646098739488,8.626150150792647,3.7305713085344885,0.0
direct_week_ahead_missing_modality,4,week_plus_4,drop_ntl_firms,model2,tcn_hierarchical,test,0.8283712784588442,0.8626760563380281,0.9245783440014423,0.9381146964538203,0.7058442658686012,0.7403001991414887,0.7381855812349086,0.7920792079207921,0.7872340425531915,0.5151515151515151,0.7802585193889542,0.6544980443285529,3.6442580585525057,12.79027240700366,2.9124863769601457,0.0
direct_week_ahead_missing_modality,4,week_plus_4,drop_unosat,model2,linear_hierarchical,train,0.8253270054404445,0.8383045525902669,0.9231687851805972,0.9300448242999266,0.7173621873936351,0.7688220180238847,0.7646318145781841,0.7874157303370787,0.8118393234672304,0.4700854700854701,0.8192968111201963,0.6981736019582,3.898708875786067,7199.328302773427,7197.110011960118,0.0
direct_week_ahead_missing_modality,4,week_plus_4,drop_unosat,model2,linear_hierarchical,valid,0.839425587467363,0.8888888888888888,0.9304579232528588,0.9542121108991068,0.707069507683286,0.7492332502105554,0.7456482203169654,0.7903225806451613,0.803770351328192,0.4908424908424908,0.8105065666041276,0.6399055489964581,23.16141415584751,7203.470666039765,7214.124002527962,0.0
direct_week_ahead_missing_modality,4,week_plus_4,drop_unosat,model2,linear_hierarchical,test,0.8147497805092186,0.8606701940035273,0.9185155752013541,0.9384503062637737,0.6732333544043841,0.7126225913296432,0.7084527220630372,0.7673716012084593,0.7636786961583236,0.46153846153846156,0.7726675427069645,0.6009104704097117,90.56372359387763,7216.057157281674,7286.688050864631,0.0
direct_week_ahead_missing_modality,4,week_plus_4,drop_unosat,model2,lightgbm_hierarchical,train,0.93547344608424,0.989373728238752,0.9921068365103196,0.9994494531525707,0.9219335030276732,0.9389014174414262,0.9372252186919277,0.9981998199819982,0.9612608631609957,0.7970897332255457,0.927765237020316,0.9253518617495101,1.7097710199400682,2.028996407357735,1.1927568564454436,0.0
direct_week_ahead_missing_modality,4,week_plus_4,drop_unosat,model2,lightgbm_hierarchical,valid,0.844047619047619,0.8701298701298701,0.931521161067385,0.9508788217253146,0.7270568909140634,0.7701446791136715,0.7656967840735069,0.8197424892703863,0.8070469798657718,0.4864864864864865,0.8115671641791045,0.7104413347685683,3.572299377963755,7.363759464477085,2.5662846524539735,0.0
direct_week_ahead_missing_modality,4,week_plus_4,drop_unosat,model2,lightgbm_hierarchical,test,0.8172043010752689,0.8357142857142857,0.9193033000249136,0.9229847003412291,0.7064477170129962,0.7509355946271334,0.7439508847959552,0.8256880733944955,0.7851851851851852,0.4470588235294118,0.8076398362892224,0.6666666666666666,3.7586442665689113,9.43322528834106,2.3339317425292334,0.0
direct_week_ahead_missing_modality,4,week_plus_4,drop_unosat,model2,catboost_hierarchical,train,0.8840097582612553,0.913804564591181,0.9599981264389684,0.979603024484455,0.8422088712111178,0.8601963627519006,0.8579793661120922,0.9324324324324325,0.8716417910447761,0.709562109025916,0.8857464245540736,0.8116615989983903,1.8940509151423244,2.6095971041169936,1.4091542730427273,0.0
direct_week_ahead_missing_modality,4,week_plus_4,drop_unosat,model2,catboost_hierarchical,valid,0.8487084870848709,0.8795944233206591,0.9366766732879063,0.9544710262702185,0.7505653540960575,0.781230053250621,0.7798478089740226,0.8232758620689655,0.813953488372093,0.5806451612903226,0.8192552225249773,0.7156970362239298,3.8725792143499858,7.329668225330063,2.798274822857827,0.0
direct_week_ahead_missing_modality,4,week_plus_4,drop_unosat,model2,catboost_hierarchical,test,0.823728813559322,0.8506151142355008,0.9231247166462406,0.9358222275366634,0.7271691617381478,0.7611256616659127,0.7578558225508318,0.8227848101265823,0.7927461139896373,0.5294117647058824,0.8095238095238095,0.6813793103448276,4.102458116442168,10.110035062922286,2.3336724973946246,0.0
direct_week_ahead_missing_modality,4,week_plus_4,drop_unosat,model2,gru_hierarchical,train,0.8436228345541216,0.8006778224952341,0.9388261905265998,0.9428493003091698,0.7452555984651079,0.7933857521150914,0.7867807893485497,0.8339331619537275,0.8332797944105365,0.4966996699669967,0.8401632653061224,0.7222021006881565,3.7611370243180056,5.876677136948164,2.8029204884570094,0.0
direct_week_ahead_missing_modality,4,week_plus_4,drop_unosat,model2,gru_hierarchical,valid,0.8388278388278388,0.863080684596577,0.9301773419808399,0.9421102811730543,0.7226785517699852,0.7572067665022946,0.7548618219037871,0.786046511627907,0.7930434782608695,0.5454545454545454,0.8084358523725835,0.6804123711340206,6.965314237047327,9.293345217631328,4.474076445004241,0.0
direct_week_ahead_missing_modality,4,week_plus_4,drop_unosat,model2,gru_hierarchical,test,0.8168557536466775,0.7987321711568938,0.9176250385280911,0.9324520063374225,0.7021371924147715,0.7387263617239911,0.7328042328042328,0.808641975308642,0.7798165137614679,0.4864864864864865,0.7817969661610268,0.6539440203562341,5.902953556782717,13.753764382157863,3.2984293522956523,0.0
direct_week_ahead_missing_modality,4,week_plus_4,drop_unosat,model2,tcn_hierarchical,train,0.848,0.8469363614856873,0.9415326308349357,0.9436589468653072,0.7382563167664917,0.7915644626798656,0.7858648238004216,0.8151016456921588,0.8393989983305509,0.4805447470817121,0.8466173179548976,0.7096188747731398,3.0884478114368017,5.778216232634878,2.505989594090256,0.0
direct_week_ahead_missing_modality,4,week_plus_4,drop_unosat,model2,tcn_hierarchical,valid,0.8370044052863436,0.847769028871391,0.9241454868529495,0.9336062731453045,0.71429563888163,0.7496208810624919,0.7420260270477163,0.793859649122807,0.7978436657681941,0.532258064516129,0.8133704735376045,0.6341463414634146,5.651432249073429,8.91542459134327,4.034000338797967,0.0
direct_week_ahead_missing_modality,4,week_plus_4,drop_unosat,model2,tcn_hierarchical,test,0.8162251655629139,0.8181818181818182,0.9118116959628644,0.9198865155279481,0.6908070790354782,0.7337922177895717,0.7260226882090065,0.7869822485207101,0.7868453105968332,0.4606741573033708,0.79,0.6295336787564767,4.480223506677486,13.06043382849259,3.0247192020115667,0.0
direct_week_ahead_missing_modality,5,week_plus_5,full,model1,linear_hierarchical,train,0.7108985448254809,0.6651250788311961,0.7951570364493858,0.716246354975351,0.5621648869025202,0.6047961333347607,0.603701710074117,0.5697151424287856,0.6548059701492537,0.3866015352407537,0.6037358238825884,0.5959659628112197,7.719350795699597,7201.052307403803,7199.6290570465435,0.0
direct_week_ahead_missing_modality,5,week_plus_5,full,model1,linear_hierarchical,valid,0.7497243660418964,0.6806526806526807,0.8420877606810406,0.7633278314626268,0.5952207270715298,0.6247169820315481,0.6207971498552661,0.6491228070175439,0.6630800268997983,0.44089456869009586,0.6531332744924978,0.5698729582577132,12.452877918595005,6667.848051949241,7201.987101526761,0.0
direct_week_ahead_missing_modality,5,week_plus_5,full,model1,linear_hierarchical,test,0.7614761476147615,0.6614785992217899,0.8389672071706539,0.6949064862011638,0.5707306434415704,0.6122135294819072,0.6093979441997063,0.5917602996254682,0.6577777777777778,0.3804347826086957,0.6156111929307806,0.6080691642651297,12.44596251062507,7210.2400225475585,7201.157984676998,0.0
direct_week_ahead_missing_modality,5,week_plus_5,full,model1,lightgbm_hierarchical,train,0.9451343418378867,0.9723090665475659,0.9893714659550741,0.9985823201298019,0.918142259112989,0.9289799283252476,0.9277113907946749,0.9933065595716198,0.919402065033133,0.8183333333333334,0.9469247580393381,0.9127445795875199,1.9982869158928858,2.3489603489514734,1.4505773027042572,0.0
direct_week_ahead_missing_modality,5,week_plus_5,full,model1,lightgbm_hierarchical,valid,0.8242574257425742,0.8498074454428755,0.9205715872502154,0.8974431672453462,0.7100063527741364,0.7496615778294721,0.7465629053177691,0.7702407002188184,0.7927927927927928,0.5128205128205128,0.8053811659192825,0.6687965921192758,5.483418811250911,8.297499302970127,3.859182925351491,0.0
direct_week_ahead_missing_modality,5,week_plus_5,full,model1,lightgbm_hierarchical,test,0.8069815195071869,0.7883817427385892,0.9089339814721137,0.800866595809701,0.6745108430582434,0.7280079479052916,0.7214496418036241,0.7545787545787546,0.7777777777777778,0.4057971014492754,0.7909774436090226,0.6434231378763867,5.137683992095562,11.124453775084273,3.4690156762083677,0.0
direct_week_ahead_missing_modality,5,week_plus_5,full,model1,catboost_hierarchical,train,0.8764339560799738,0.8886509635974305,0.9587956587792714,0.9758748483245547,0.8374049379676723,0.8567960443843137,0.8530271757825938,0.9155987627043747,0.8840954846131722,0.7166064981949458,0.894167167769092,0.7765567765567766,2.3123283594076374,3.133984624603913,1.7682407060872085,0.0
direct_week_ahead_missing_modality,5,week_plus_5,full,model1,catboost_hierarchical,valid,0.8398320335932813,0.8745432399512789,0.9258910187457552,0.9128814458400307,0.7314805792778495,0.7652801842216235,0.7636887608069164,0.7751605995717344,0.813915857605178,0.5756097560975609,0.8203842940685045,0.67233238904627,5.539126586422157,8.259934774018213,3.859027528347315,0.0
direct_week_ahead_missing_modality,5,week_plus_5,full,model1,catboost_hierarchical,test,0.8156862745098039,0.804,0.9128836928505422,0.8463314851794295,0.7058689677436385,0.7474956427550863,0.7442046362909672,0.7593984962406015,0.7967257844474761,0.5087719298245614,0.8045649072753209,0.6598837209302325,5.1701858746007625,11.070172946395896,3.203468609324099,0.0
direct_week_ahead_missing_modality,5,week_plus_5,full,model1,gru_hierarchical,train,0.8391705069124424,0.8392081120231772,0.9380383910477574,0.9319710690852303,0.7410977438178783,0.7888640906733067,0.781493145609485,0.8053382420616659,0.832724384432089,0.5131375579598145,0.8372016999019287,0.7170868347338936,4.946810101980963,6.362095899189769,3.751991962966232,0.0
direct_week_ahead_missing_modality,5,week_plus_5,full,model1,gru_hierarchical,valid,0.836212030970816,0.8603773584905661,0.9248356315674612,0.9037087494011297,0.7296620996913272,0.7591988373398408,0.7538126361655774,0.7682926829268293,0.8161888701517707,0.6039215686274509,0.8218940052128584,0.6380133715377269,7.968709692010806,10.077567984001826,5.603612580641687,0.0
direct_week_ahead_missing_modality,5,week_plus_5,full,model1,gru_hierarchical,test,0.8121546961325967,0.8242424242424242,0.9114710579404087,0.8546028769642482,0.6788036309371741,0.725801940467044,0.721128852580765,0.7484276729559748,0.7776332899869961,0.44594594594594594,0.7808764940239044,0.6411347517730497,7.188081561348194,14.53769129098182,4.308607164321941,0.0
direct_week_ahead_missing_modality,5,week_plus_5,full,model1,tcn_hierarchical,train,0.8602252519264968,0.8364444444444444,0.9493429425548623,0.9492907665735462,0.7555680915807367,0.7968543278336054,0.7905225456883093,0.7935565917761763,0.8446227929373997,0.5761865112406328,0.8443503744708564,0.7191241874786178,4.681390556167742,6.334953583307686,3.375582966245384,0.0
direct_week_ahead_missing_modality,5,week_plus_5,full,model1,tcn_hierarchical,valid,0.8363636363636363,0.8407185628742515,0.919876553308689,0.9171380260759779,0.7010312003166851,0.7453645209885128,0.7386660337051982,0.7549407114624506,0.8107653490328006,0.5,0.8195038494439693,0.6199460916442049,8.00079860337282,10.250475410306,5.266213312187062,0.0
direct_week_ahead_missing_modality,5,week_plus_5,full,model1,tcn_hierarchical,test,0.8,0.7937743190661478,0.9022234682943429,0.8684809857546958,0.6450670893151907,0.7039564702197263,0.699400299850075,0.7,0.7692307692307693,0.36879432624113473,0.7479892761394102,0.6393210749646393,7.534710382791769,14.673697418371239,3.9991550359574206,0.0
direct_week_ahead_missing_modality,5,week_plus_5,drop_ntl,model1,linear_hierarchical,train,0.6971715627388883,0.6425977355265969,0.7882228812654001,0.704545989505616,0.5712485655124329,0.6139205200695411,0.6107162186541584,0.6065719360568383,0.6568309943624805,0.38455827765404604,0.6524168083555988,0.5558648111332007,7.805238858639652,7201.088815116669,7199.7812421547105,0.0
direct_week_ahead_missing_modality,5,week_plus_5,drop_ntl,model1,linear_hierarchical,valid,0.7597440372309482,0.6682188591385332,0.8411202938721374,0.7546440493731934,0.6003077874498326,0.6291284862841305,0.6257449344457687,0.6585365853658537,0.6626262626262627,0.4444444444444444,0.6570247933884298,0.5789068514241724,11.488916079549858,6652.0951523365475,7201.7529356160085,0.0
direct_week_ahead_missing_modality,5,week_plus_5,drop_ntl,model1,linear_hierarchical,test,0.7571157495256167,0.6446601941747573,0.8348812907681356,0.6876621941678707,0.5820736329405258,0.6199916855829669,0.6174845628859279,0.5993031358885017,0.6548672566371682,0.4157303370786517,0.6532438478747203,0.5872235872235873,11.626393057021527,7209.739516860638,7200.889223186861,0.0
direct_week_ahead_missing_modality,5,week_plus_5,drop_ntl,model1,lightgbm_hierarchical,train,0.907380767953967,0.9320946693209466,0.9723625466883283,0.9863101277061891,0.8492033179899371,0.8870867117146576,0.8807136863489821,0.9236641221374046,0.9130819092516205,0.6464237516869096,0.91500558124701,0.8478412256267409,2.201969855377446,2.739694429948245,1.691918370021605,0.0
direct_week_ahead_missing_modality,5,week_plus_5,drop_ntl,model1,lightgbm_hierarchical,valid,0.8241758241758241,0.864321608040201,0.919606847129234,0.9113504867068705,0.7051317211432017,0.7462545259140703,0.7422428536525776,0.7521008403361344,0.8035284683239775,0.5169491525423728,0.8083560399636693,0.6447241045498547,5.625891563754179,7.987063241285106,4.240899648815789,0.0
direct_week_ahead_missing_modality,5,week_plus_5,drop_ntl,model1,lightgbm_hierarchical,test,0.8015564202334631,0.7934560327198364,0.9088687317792987,0.8385288925296134,0.6708890505743197,0.7151633451397917,0.7110573042776432,0.7228070175438597,0.7661290322580645,0.460431654676259,0.7623318385650224,0.6427457098283932,5.12563459572226,11.806284424803328,3.4414719185693974,0.0
direct_week_ahead_missing_modality,5,week_plus_5,drop_ntl,model1,catboost_hierarchical,train,0.8701896106810277,0.8717294192724953,0.9513866903344944,0.964053014208991,0.8135604854871963,0.8415481493501532,0.8394101876675604,0.8912751677852349,0.8682883417383566,0.6546546546546547,0.8775761304214088,0.7760081328363266,2.439027808531285,3.377464744991537,1.968190635438462,0.0
direct_week_ahead_missing_modality,5,week_plus_5,drop_ntl,model1,catboost_hierarchical,valid,0.8310727496917386,0.8737864077669902,0.9255638528488551,0.927207765341322,0.7255636458968507,0.7615435541952584,0.7589308018985761,0.7672413793103449,0.8210347752332485,0.5668449197860963,0.823321554770318,0.6493756003842459,5.93834277957089,7.638091249555705,4.261497687878059,0.0
direct_week_ahead_missing_modality,5,week_plus_5,drop_ntl,model1,catboost_hierarchical,test,0.8247213779128673,0.8143712574850299,0.9129719306330595,0.8578384261792555,0.6964849034874565,0.741778190361871,0.7397034596375618,0.7415730337078652,0.797768479776848,0.4909090909090909,0.8,0.6521739130434783,4.850982295075016,11.001321701498206,3.2945618791453395,0.0
direct_week_ahead_missing_modality,5,week_plus_5,drop_ntl,model1,gru_hierarchical,train,0.8445311547372272,0.8403086275426701,0.9350095727509222,0.9382653490305737,0.7350594424149474,0.7796026497869453,0.7706723956666819,0.8073750606501698,0.8308288899660689,0.5190434012400355,0.8316184876694431,0.6864313725490196,4.692642232615461,6.27124719604305,3.4755391633986807,0.0
direct_week_ahead_missing_modality,5,week_plus_5,drop_ntl,model1,gru_hierarchical,valid,0.837772397094431,0.8733087330873309,0.9282258040386925,0.9304861271703309,0.7152820919495771,0.7548192026876731,0.7453070683661646,0.7835051546391752,0.8210702341137124,0.5281385281385281,0.8259041211101766,0.6177924217462932,7.435224082442296,9.96643716722192,5.027032183978787,0.0
direct_week_ahead_missing_modality,5,week_plus_5,drop_ntl,model1,gru_hierarchical,test,0.8180039138943248,0.8303393213572854,0.9160874587520937,0.8801025370745944,0.6962350819920162,0.7350005416146568,0.7272056109265411,0.7868852459016393,0.7947019867549668,0.4892086330935252,0.7886178861788617,0.6217616580310881,6.876610813412116,14.361577836215655,3.9205487361786355,0.0
direct_week_ahead_missing_modality,5,week_plus_5,drop_ntl,model1,tcn_hierarchical,train,0.8358174991466606,0.8211327512872174,0.9341217458330349,0.9323336617036357,0.7290817001177367,0.7746922104634161,0.7665181352115376,0.786634844868735,0.8226659839563065,0.5193050193050193,0.8317853457172343,0.6850173067413878,5.18277875150162,6.646963873719668,3.769742297375947,0.0
direct_week_ahead_missing_modality,5,week_plus_5,drop_ntl,model1,tcn_hierarchical,valid,0.8345908299477656,0.8626506024096385,0.9189404972514605,0.91127625712313,0.695465905692757,0.7360758902064645,0.7271360561262842,0.7456140350877193,0.7978241160471442,0.5145631067961165,0.8127853881278538,0.6065428824049514,8.098381718881921,10.425724583983845,5.222705811995054,0.0
direct_week_ahead_missing_modality,5,week_plus_5,drop_ntl,model1,tcn_hierarchical,test,0.8100558659217877,0.7984496124031008,0.9083788530720873,0.8356652886477363,0.6692807007119497,0.7181239368580328,0.7107765451664025,0.726027397260274,0.7838616714697406,0.4426229508196721,0.7768115942028986,0.6170798898071626,7.431382073779731,14.740568881544204,4.249879727426103,0.0
direct_week_ahead_missing_modality,5,week_plus_5,drop_firms,model1,linear_hierarchical,train,0.7052458699642546,0.6274190262782644,0.7752162029867689,0.6939941709676148,0.5495236622299243,0.5950735030273204,0.5918309660094693,0.5123564218586844,0.6385542168674698,0.4,0.625615763546798,0.5710919088766693,7.930557420713439,7201.455071991217,7199.712115494197,0.0
direct_week_ahead_missing_modality,5,week_plus_5,drop_firms,model1,linear_hierarchical,valid,0.7391304347826086,0.6018735362997658,0.8103190067255186,0.6621786007977843,0.5743696045235234,0.6057158900856621,0.6057073954983923,0.5255474452554745,0.6422976501305483,0.4772727272727273,0.6404160475482912,0.5863141524105754,10.601523872525672,7206.093216628491,7201.131034176178,0.0
direct_week_ahead_missing_modality,5,week_plus_5,drop_firms,model1,linear_hierarchical,test,0.735191637630662,0.5648854961832062,0.8117170856214688,0.5932470300313799,0.5534897470244973,0.6052941544219957,0.6045901639344262,0.5185185185185185,0.6466165413533834,0.36129032258064514,0.6385542168674698,0.6024691358024692,9.658178811791112,7209.088577422268,7199.795200806905,0.0
direct_week_ahead_missing_modality,5,week_plus_5,drop_firms,model1,lightgbm_hierarchical,train,0.9188789000528821,0.9658081705150977,0.9879491242061775,0.998198654896186,0.9005521818590667,0.9253792622163778,0.9230090058273,0.9267886855241264,0.9486096957344592,0.7862289831865492,0.9443053817271589,0.8968281631230394,2.1662115869383562,2.8081224300272747,1.5855213199560874,0.0
direct_week_ahead_missing_modality,5,week_plus_5,drop_firms,model1,lightgbm_hierarchical,valid,0.8306595365418895,0.8531645569620253,0.9231845480718199,0.8830527021171275,0.7189531515376172,0.7526507128013815,0.7494918699186992,0.7341772151898734,0.8013640238704177,0.5795918367346938,0.8018433179723502,0.6777893639207507,5.689219539082067,9.28577735352054,4.127059907918124,0.0
direct_week_ahead_missing_modality,5,week_plus_5,drop_firms,model1,lightgbm_hierarchical,test,0.8126195028680688,0.7941176470588235,0.9076762204623372,0.7971727052348913,0.6854099221338791,0.7364948809368991,0.7304347826086957,0.7422680412371134,0.7848101265822784,0.4413793103448276,0.7919254658385093,0.6666666666666666,5.445684434031516,11.902785886409799,3.523860224829465,0.0
direct_week_ahead_missing_modality,5,week_plus_5,drop_firms,model1,catboost_hierarchical,train,0.8625171721441404,0.8743260058067192,0.9582315762696401,0.9747401123641958,0.8020014086919582,0.8369381353345826,0.8326577370461755,0.7793594306049823,0.8778430486519054,0.6897880539499036,0.8740195293740995,0.7889969808788997,2.3996578864307603,3.4723989028151014,1.8447488872772784,0.0
direct_week_ahead_missing_modality,5,week_plus_5,drop_firms,model1,catboost_hierarchical,valid,0.8361916026020106,0.8629807692307693,0.9261992711263265,0.9022494063327394,0.7206906391748757,0.7560673526152871,0.7533792399897985,0.7584905660377359,0.8074534161490683,0.5625,0.8130232558139535,0.6619859578736209,5.57973979404039,9.028779471440625,3.9850704847922076,0.0
direct_week_ahead_missing_modality,5,week_plus_5,drop_firms,model1,catboost_hierarchical,test,0.8134615384615385,0.8007889546351085,0.9123529503415229,0.8264212547054918,0.6969575291417567,0.7482502918075356,0.7451305428926648,0.7469135802469136,0.8075253256150506,0.46017699115044247,0.8024502297090352,0.6677215189873418,5.383693039268852,11.853835671970142,3.3389096243024325,0.0
direct_week_ahead_missing_modality,5,week_plus_5,drop_firms,model1,gru_hierarchical,train,0.8193563009972802,0.8318462594371997,0.9223935780154199,0.920581062198681,0.6961984223018417,0.7513677042562382,0.7397377423033067,0.6785853089778469,0.8139130434782609,0.5078698845750262,0.8238258052906244,0.6567980691874498,6.279813947957472,7.034689973645886,4.439718311147975,0.0
direct_week_ahead_missing_modality,5,week_plus_5,drop_firms,model1,gru_hierarchical,valid,0.8412514484356894,0.8725961538461539,0.923797700859024,0.8941638553743041,0.7132044228951837,0.7459389716923791,0.7349249323160226,0.75,0.8108597285067873,0.5797101449275363,0.8193916349809885,0.6060606060606061,9.206997484242702,10.739235186799837,5.6873066805759835,0.0
direct_week_ahead_missing_modality,5,week_plus_5,drop_firms,model1,gru_hierarchical,test,0.823751178133836,0.8015873015873016,0.91328567352075,0.8372845150734396,0.6919621438295108,0.7396530516373286,0.7297297297297297,0.738562091503268,0.8053892215568862,0.4827586206896552,0.8161993769470405,0.6169014084507042,8.32558973127665,15.000010331970946,4.428113312121566,0.0
direct_week_ahead_missing_modality,5,week_plus_5,drop_firms,model1,tcn_hierarchical,train,0.8336783988957902,0.8253176043557169,0.9326972723187117,0.9234387842460711,0.724093232221952,0.7719425420876237,0.7674418604651163,0.7768595041322314,0.8208594881699662,0.5087514585764294,0.8308762630445585,0.6831194471865746,5.9082265726863055,6.926332403042736,4.226168318664509,0.0
direct_week_ahead_missing_modality,5,week_plus_5,drop_firms,model1,tcn_hierarchical,valid,0.8361916026020106,0.8602673147023087,0.9246724860007063,0.8777050934685312,0.7106051711639854,0.7438971316238617,0.7381703470031545,0.7294117647058823,0.8069883527454242,0.5846153846153846,0.816220880069025,0.6157894736842106,8.994315296713179,10.683418794845698,5.646436758454115,0.0
direct_week_ahead_missing_modality,5,week_plus_5,drop_firms,model1,tcn_hierarchical,test,0.8188679245283019,0.803960396039604,0.9145437949296975,0.8342244273649334,0.6787757461834378,0.7285326166083698,0.724707779121322,0.728744939271255,0.7933425797503467,0.4528301886792453,0.7891737891737892,0.6297872340425532,8.065180745560623,14.957064839651329,4.368782351738164,0.0
direct_week_ahead_missing_modality,5,week_plus_5,drop_ntl_firms,model1,linear_hierarchical,train,0.6915608663181478,0.6424657534246575,0.7715710713957522,0.6803662071722224,0.562714764923206,0.6060204738820751,0.6029863390871545,0.5231124807395994,0.6512459759151067,0.4327731092436975,0.6617770830828423,0.5446651756347849,8.010897751061924,7201.475447250553,7199.877072101063,0.0
direct_week_ahead_missing_modality,5,week_plus_5,drop_ntl_firms,model1,linear_hierarchical,valid,0.7386843693421846,0.6005291005291006,0.8122093965734161,0.6522255580133248,0.5930797524360731,0.6245004537309916,0.6240032713146596,0.5644171779141104,0.6592022393282015,0.4868913857677903,0.6732394366197183,0.5816485225505443,10.62131972696547,7205.992249546603,7201.168344101307,0.0
direct_week_ahead_missing_modality,5,week_plus_5,drop_ntl_firms,model1,linear_hierarchical,test,0.7255092143549952,0.5485961123110151,0.8076827519089369,0.5890300112956409,0.5746153517113239,0.6143573554503878,0.6138944555778223,0.5333333333333333,0.6484641638225256,0.4430379746835443,0.6575028636884307,0.590738423028786,9.707475516495313,7209.067223487909,7199.882664893821,0.0
direct_week_ahead_missing_modality,5,week_plus_5,drop_ntl_firms,model1,lightgbm_hierarchical,train,0.838853031425246,0.841005967604433,0.9356934192706522,0.9351700777328703,0.7201278573685939,0.7784711123806066,0.7714298165337516,0.6987620357634112,0.8300844205679202,0.5144508670520231,0.8386070917474956,0.7187348717121188,2.9584367475400146,4.824720333647086,2.48435104466806,0.0
direct_week_ahead_missing_modality,5,week_plus_5,drop_ntl_firms,model1,lightgbm_hierarchical,valid,0.8455089820359282,0.8762376237623762,0.9296153295964034,0.9326417587623507,0.7387804043334906,0.7689235128384224,0.7651477215823735,0.7874306839186691,0.8111011638316921,0.594059405940594,0.8207024029574861,0.6806083650190115,5.98540335648091,9.209874528643217,4.744718984893042,0.0
direct_week_ahead_missing_modality,5,week_plus_5,drop_ntl_firms,model1,lightgbm_hierarchical,test,0.821944177093359,0.8121212121212121,0.9161560257732689,0.8904560970120181,0.7170043680938873,0.7562289650908257,0.7534807534807535,0.7949526813880127,0.7976710334788938,0.5084745762711864,0.8030075187969925,0.6809160305343511,5.364140025764105,12.249460353729164,3.7597459766407493,0.0
direct_week_ahead_missing_modality,5,week_plus_5,drop_ntl_firms,model1,catboost_hierarchical,train,0.835224315603206,0.841005967604433,0.9356934192706522,0.9352089265983643,0.7299015386764405,0.7833387521719946,0.7781073992862978,0.7496147919876733,0.8337580572627792,0.5144508670520231,0.8382646021769125,0.7134193749028145,2.9479118408306726,4.7577416805988495,2.5026953783184984,0.0
direct_week_ahead_missing_modality,5,week_plus_5,drop_ntl_firms,model1,catboost_hierarchical,valid,0.8360849056603774,0.8762376237623762,0.9293102626365458,0.9241344473082176,0.7388936322093005,0.77111976082653,0.7661888284725655,0.7811860940695297,0.8258967629046369,0.594059405940594,0.8260481712756468,0.6672777268560953,5.976852866179073,9.168185022984012,4.7362174047522565,0.0
direct_week_ahead_missing_modality,5,week_plus_5,drop_ntl_firms,model1,catboost_hierarchical,test,0.8151658767772512,0.8121212121212121,0.9146356044574202,0.8710929573091906,0.7167786644740854,0.7580299377596881,0.7542441390460792,0.7859649122807018,0.8079658605974396,0.5084745762711864,0.806966618287373,0.6745213549337261,5.352514395172222,12.211529054139355,3.7505466761926196,0.0
direct_week_ahead_missing_modality,5,week_plus_5,drop_ntl_firms,model1,gru_hierarchical,train,0.8298139481794315,0.837850689491203,0.9321584975996962,0.9291838114120777,0.7265420388922915,0.7771789385013668,0.7758720930232558,0.7579590056694286,0.8248427672955975,0.5119453924914675,0.8291602793391245,0.7088027496658392,4.425026081166999,6.253205681463408,3.389692710933042,0.0
direct_week_ahead_missing_modality,5,week_plus_5,drop_ntl_firms,model1,gru_hierarchical,valid,0.839622641509434,0.8729559748427673,0.9303079492027446,0.9162555529707767,0.745817260738117,0.774793594633645,0.7742262810755961,0.8319327731092437,0.8200836820083682,0.582010582010582,0.8194945848375451,0.675564681724846,7.179796220401568,9.96209700259413,5.269669029117778,0.0
direct_week_ahead_missing_modality,5,week_plus_5,drop_ntl_firms,model1,gru_hierarchical,test,0.8208530805687204,0.8295687885010267,0.9158618397931166,0.8700604262289405,0.7124985448643048,0.7503803342983751,0.7510373443983402,0.8375451263537906,0.7863945578231293,0.4727272727272727,0.7870778267254038,0.6787479406919276,6.313640959528541,14.354537046686847,4.15502004415062,0.0
direct_week_ahead_missing_modality,5,week_plus_5,drop_ntl_firms,model1,tcn_hierarchical,train,0.8311836548339231,0.8375029226093056,0.9326769294789604,0.9322391929424624,0.7255930211663382,0.7788233454124556,0.7753979170760463,0.7501090274749237,0.8229098090849243,0.5034280117531832,0.8312042241526145,0.7203140333660452,4.431834353883649,6.267004886300171,3.3318614962223245,0.0
direct_week_ahead_missing_modality,5,week_plus_5,drop_ntl_firms,model1,tcn_hierarchical,valid,0.8490566037735849,0.8910891089108911,0.9317756286413507,0.9367678393310417,0.7442058930486224,0.7724503414405791,0.7701799485861183,0.8235294117647058,0.8241469816272966,0.5953488372093023,0.8303249097472925,0.6476793248945147,6.991586601852178,10.020440437970294,4.905426342525656,0.0
direct_week_ahead_missing_modality,5,week_plus_5,drop_ntl_firms,model1,tcn_hierarchical,test,0.8303317535545024,0.8323232323232324,0.9171547901824291,0.8930387056060308,0.7263048001272072,0.7578923158785977,0.7560975609756098,0.8303249097472925,0.8079658605974396,0.5396825396825397,0.8105726872246696,0.6429780033840947,6.212079333690231,14.398845359936706,3.8135849650664086,0.0
direct_week_ahead_missing_modality,5,week_plus_5,drop_unosat,model1,linear_hierarchical,train,0.6992337164750958,0.5560407569141194,0.7482405339272009,0.5969482727510056,0.53720321813994,0.5747405084566537,0.5718155142577684,0.5600346770697876,0.6086858685868587,0.36888331242158096,0.5788841201716738,0.5695281124497992,8.30945138709394,8.664151057556827,6.1796576777600105,0.0
direct_week_ahead_missing_modality,5,week_plus_5,drop_unosat,model1,linear_hierarchical,valid,0.7441860465116279,0.6388526727509778,0.8217738112772,0.7032827952186604,0.573863824638415,0.6097604513998474,0.6012121212121212,0.6333333333333333,0.6485461441213654,0.38522427440633245,0.6398537477148081,0.5623616236162362,15.890045047788291,14.343161119901247,9.09568469790547,0.0
direct_week_ahead_missing_modality,5,week_plus_5,drop_unosat,model1,linear_hierarchical,test,0.7478411053540587,0.5573033707865168,0.7995629395154651,0.6217839778156126,0.5507833542504608,0.5840652680250374,0.5813242784380306,0.5543859649122806,0.6166666666666667,0.40816326530612246,0.5945121951219512,0.5801886792452831,15.577517645303242,20.243731758877487,8.021514524926083,0.0
direct_week_ahead_missing_modality,5,week_plus_5,drop_unosat,model1,lightgbm_hierarchical,train,0.9395058877857307,0.9824241040858251,0.9891487247660727,0.9986333216617628,0.8867792423029848,0.9169942735420746,0.9122931546958875,0.9645021645021645,0.9319387600424436,0.7095375722543352,0.9382404043595008,0.8896773103564791,2.0062330812840714,2.355644560760346,1.4772213441557422,0.0
direct_week_ahead_missing_modality,5,week_plus_5,drop_unosat,model1,lightgbm_hierarchical,valid,0.8237523689197725,0.85,0.9199924568415281,0.8929587584172697,0.7079124301813009,0.7496393528253247,0.7429837518463811,0.7450199203187251,0.8062283737024222,0.5204460966542751,0.8050770625566637,0.6627906976744186,5.453793181615179,8.234401520042507,4.0079443123177825,0.0
direct_week_ahead_missing_modality,5,week_plus_5,drop_unosat,model1,lightgbm_hierarchical,test,0.8066528066528067,0.7931769722814499,0.9075765465241656,0.7970041222950305,0.6735942402747055,0.7308441734799015,0.718927701056052,0.7248322147651006,0.780559646539028,0.4069767441860465,0.7919254658385093,0.6636771300448431,5.08269494790177,11.471321116795849,3.485268656777053,0.0
direct_week_ahead_missing_modality,5,week_plus_5,drop_unosat,model1,catboost_hierarchical,train,0.876682350366561,0.8983793254489707,0.959037205663049,0.9749108688902293,0.8416093673028058,0.8615164206997936,0.8589162301360215,0.9213278763074124,0.8862433862433863,0.7142857142857143,0.8911839544978296,0.7950059051796862,2.3039340407375497,3.2375086751531743,1.7395248664272562,0.0
direct_week_ahead_missing_modality,5,week_plus_5,drop_unosat,model1,catboost_hierarchical,valid,0.8377403846153846,0.8689138576779026,0.9263401814238215,0.9054914910319632,0.7318097457913953,0.764432610235621,0.7638240353895306,0.7627494456762749,0.813953488372093,0.5904761904761905,0.8205128205128205,0.671356783919598,5.646551884811786,8.143654749410057,3.9196053459181743,0.0
direct_week_ahead_missing_modality,5,week_plus_5,drop_unosat,model1,catboost_hierarchical,test,0.8160469667318982,0.8073022312373225,0.9132177949198829,0.8241660991437325,0.7070460812485411,0.7494514885915585,0.7465362673186634,0.7619047619047619,0.8055555555555556,0.5084745762711864,0.8089887640449438,0.6503067484662577,5.229810329446462,11.560807737750595,3.2464722424734633,0.0
direct_week_ahead_missing_modality,5,week_plus_5,drop_unosat,model1,gru_hierarchical,train,0.8440685820203893,0.8461538461538461,0.9406066609975193,0.9415532191409337,0.7480515956451935,0.7934374171580778,0.7870116105410223,0.8129092609915809,0.8351142528357718,0.5301204819277109,0.8444520665409021,0.7176619159300018,4.778060031238151,6.294945082223786,3.5849585604099,0.0
direct_week_ahead_missing_modality,5,week_plus_5,drop_unosat,model1,gru_hierarchical,valid,0.828125,0.8642590286425903,0.926437172724524,0.9282475352409996,0.724624780628672,0.7629650395540037,0.7592686642965972,0.7789046653144016,0.8102383053839365,0.5398230088495575,0.8200913242009132,0.6740665993945509,7.638606798869709,10.001918414546978,5.412991637416923,0.0
direct_week_ahead_missing_modality,5,week_plus_5,drop_unosat,model1,gru_hierarchical,test,0.8107109879963066,0.8065173116089613,0.9086098105646035,0.8577167031938866,0.6759132037997965,0.7259730337501111,0.7195972114639814,0.7307692307692307,0.7782312925170068,0.43870967741935485,0.7790368271954674,0.6528189910979229,7.278301633194065,14.559639307177031,4.547852953893149,0.0
direct_week_ahead_missing_modality,5,week_plus_5,drop_unosat,model1,tcn_hierarchical,train,0.8422039859320047,0.8327154772937906,0.9347841759635167,0.9264519097196501,0.7238738104658962,0.7732827098463515,0.7634045744281964,0.7533557046979866,0.8295918367346938,0.522279792746114,0.8367525863580572,0.6773891317926296,5.729486238145601,6.684052036120983,4.298239966599168,0.0
direct_week_ahead_missing_modality,5,week_plus_5,drop_unosat,model1,tcn_hierarchical,valid,0.8303249097472925,0.8365384615384616,0.9184341823164661,0.8701308469134594,0.703904573198072,0.7385016197298672,0.7277474483740802,0.7207207207207207,0.8059701492537313,0.5754716981132075,0.8136813681368137,0.6036789297658863,8.519183160347495,10.40906645870561,5.875134588383379,0.0
direct_week_ahead_missing_modality,5,week_plus_5,drop_unosat,model1,tcn_hierarchical,test,0.8079470198675497,0.793036750483559,0.9026762552949193,0.8161190784119398,0.6711845234294188,0.7166120834293626,0.7059276366435719,0.696969696969697,0.7833572453371592,0.484375,0.7828655834564254,0.608355091383812,7.81544789589741,14.862755687993122,4.786359625126695,0.0
direct_week_ahead_missing_modality,5,week_plus_5,full,model2,linear_hierarchical,train,0.827102291415415,0.8385826771653543,0.9224236052481731,0.9298536887320659,0.7177992243115028,0.7665318415793063,0.7582058323525566,0.7851162790697674,0.8176364727054589,0.48957388939256574,0.8227467131316332,0.6739227672580885,4.0029213900907425,7198.74020361771,7197.177188250814,0.0
direct_week_ahead_missing_modality,5,week_plus_5,full,model2,linear_hierarchical,valid,0.8434622467771639,0.877370417193426,0.9294922926472894,0.9538750820875179,0.7187568040023692,0.7516495356660808,0.7444551591128254,0.7974683544303798,0.7993254637436762,0.5447154471544715,0.8064228367528992,0.6458519179304193,27.24183583072654,6648.653112023712,7219.6791956505385,0.0
direct_week_ahead_missing_modality,5,week_plus_5,full,model2,linear_hierarchical,test,0.8166351606805293,0.823076923076923,0.9185631550138681,0.9228427714562777,0.6937133204685821,0.7243893313247967,0.718562874251497,0.7847222222222222,0.7522935779816514,0.5098039215686274,0.7666666666666667,0.6550802139037433,107.33395164652103,7206.741550324416,7319.183968602898,0.0
direct_week_ahead_missing_modality,5,week_plus_5,full,model2,lightgbm_hierarchical,train,0.9550134288272157,0.9899543378995433,0.9921770089243989,0.999460683877927,0.9245834039428218,0.9473500158457694,0.9453960019677117,0.978891820580475,0.9511137688742712,0.7935222672064778,0.9706642346861225,0.9287249283667621,1.7120931502115273,2.058258875494347,1.1970769500621015,0.0
direct_week_ahead_missing_modality,5,week_plus_5,full,model2,lightgbm_hierarchical,valid,0.828395061728395,0.864,0.9262832485441683,0.9462786561661377,0.7258314950423947,0.7661521708294583,0.7645305514157973,0.8073770491803278,0.8075278015397775,0.5084745762711864,0.8138747884940778,0.6919032597266036,3.8381968652121268,6.484672779609858,2.649059438402026,0.0
direct_week_ahead_missing_modality,5,week_plus_5,full,model2,lightgbm_hierarchical,test,0.8197674418604651,0.8117154811715481,0.921641431767337,0.9109126470780806,0.6824626860350316,0.7401427680771678,0.7342271293375394,0.7647058823529411,0.7926657263751763,0.3870967741935484,0.7794729542302358,0.6883720930232559,4.269167553292304,8.95166607744995,2.5439890512041274,0.0
direct_week_ahead_missing_modality,5,week_plus_5,full,model2,catboost_hierarchical,train,0.885193982581156,0.898400345871163,0.960056777638444,0.978506355739787,0.837751737143029,0.8593773273748937,0.8562981039984983,0.9330922242314648,0.8757656667190199,0.6861788617886179,0.8804454634785457,0.8132764694974968,1.8951911049314782,2.5593246776758103,1.3997355138333265,0.0
direct_week_ahead_missing_modality,5,week_plus_5,full,model2,catboost_hierarchical,valid,0.8428217821782178,0.8765432098765432,0.9337316951212722,0.9539620652182547,0.7505535337650147,0.7778415538852451,0.7759620453347391,0.8278867102396514,0.8121645796064401,0.593607305936073,0.8148837209302325,0.704225352112676,3.9992534840138556,7.148234390229504,2.6598223174154287,0.0
direct_week_ahead_missing_modality,5,week_plus_5,full,model2,catboost_hierarchical,test,0.8199608610567515,0.8239845261121856,0.9245571791377972,0.9220319667794025,0.7166762818270588,0.7610464386283976,0.7560568086883876,0.7929824561403509,0.806966618287373,0.4892086330935252,0.8157099697885196,0.678513731825525,4.07268165064961,8.941964430083328,2.4649434233118916,0.0
direct_week_ahead_missing_modality,5,week_plus_5,full,model2,gru_hierarchical,train,0.8390684741049704,0.8092783505154639,0.9375892578675808,0.942218910338307,0.7411350155058478,0.7915124143184434,0.7848358671443788,0.8080255357957137,0.8338388945062353,0.49957805907173,0.8410708234496781,0.7231617647058823,3.631342275765786,5.96716468378962,2.79380556924142,0.0
direct_week_ahead_missing_modality,5,week_plus_5,full,model2,gru_hierarchical,valid,0.8408826945412311,0.864406779661017,0.9296746902133611,0.9451947603027802,0.7288417523319974,0.7590771072489128,0.757172131147541,0.8115942028985508,0.7907801418439716,0.5550660792951542,0.8025022341376229,0.6842661034846885,6.844992828806098,9.805377618405164,4.4420215016984415,0.0
direct_week_ahead_missing_modality,5,week_plus_5,full,model2,gru_hierarchical,test,0.8188405797101449,0.8449612403100775,0.9225235517432567,0.9229212332064272,0.7134297468725149,0.7524484165547983,0.7486381322957198,0.7460815047021944,0.8021978021978022,0.5390070921985816,0.7950138504155124,0.6848484848484848,5.54566674585883,13.82360278316043,3.0922037678823906,0.0
direct_week_ahead_missing_modality,5,week_plus_5,full,model2,tcn_hierarchical,train,0.8405092592592592,0.7959739987418746,0.9379217219941375,0.9427073626991818,0.7287064670438499,0.7756504543101291,0.7635368534386076,0.8103946102021174,0.8319354838709677,0.5,0.8380052151238592,0.6631970260223048,3.422393113863294,6.131255395366003,2.6679515201854467,0.0
direct_week_ahead_missing_modality,5,week_plus_5,full,model2,tcn_hierarchical,valid,0.8334342822531798,0.8434579439252337,0.9237337159608859,0.9343849029067236,0.6953475035656749,0.7329085235759362,0.7234839616014985,0.7780126849894292,0.7843803056027164,0.5,0.7955326460481099,0.6188118811881188,6.515114607590176,9.789353930920266,4.388114005168333,0.0
direct_week_ahead_missing_modality,5,week_plus_5,full,model2,tcn_hierarchical,test,0.8168007149240393,0.7760141093474426,0.9179113365424416,0.9172097223366686,0.6806036037298105,0.7207562996716452,0.7097457627118644,0.7808219178082192,0.7803617571059431,0.45962732919254656,0.7714285714285715,0.6107784431137725,5.579988859146947,13.909493932199055,3.1183011756103083,0.0
direct_week_ahead_missing_modality,5,week_plus_5,drop_ntl,model2,linear_hierarchical,train,0.8300395256916996,0.839213934792318,0.921715116768877,0.9290902600693771,0.7185913253744532,0.7691781951577626,0.7667061559387478,0.7929515418502202,0.8128680166594858,0.4718045112781955,0.8161290322580645,0.6992035248263007,3.999183307618978,4.442753306449442,7197.177816928523,0.0
direct_week_ahead_missing_modality,5,week_plus_5,drop_ntl,model2,linear_hierarchical,valid,0.83947532792005,0.8786717752234994,0.929395024688179,0.9536905508938865,0.7162300902385805,0.7489835158471078,0.7466216216216216,0.7892376681614349,0.7970897332255457,0.5469387755102041,0.8045977011494253,0.6432865731462926,28.473514607616504,7.392367596936168,7221.118127722762,0.0
direct_week_ahead_missing_modality,5,week_plus_5,drop_ntl,model2,linear_hierarchical,test,0.8131655372700871,0.8310679611650486,0.917331724353722,0.923628462553703,0.6844942304321959,0.7142304822192658,0.7105363255990871,0.8199233716475096,0.7464968152866241,0.47297297297297297,0.7473958333333334,0.6356821589205397,113.0332363964534,13.181085823981807,7328.882539129988,0.0
direct_week_ahead_missing_modality,5,week_plus_5,drop_ntl,model2,lightgbm_hierarchical,train,0.9185152646606632,0.9560931899641577,0.9792277865745742,0.9940860812344969,0.8975263693059748,0.9112724263082184,0.9090742354074006,0.9835774522858411,0.9216349108789182,0.7827502034174125,0.924066924066924,0.8756023558807782,1.8241198472942466,2.409400848815494,1.305402042637343,0.0
direct_week_ahead_missing_modality,5,week_plus_5,drop_ntl,model2,lightgbm_hierarchical,valid,0.8313106796116505,0.8643852978453739,0.9274985209626431,0.9453760378345619,0.7261886409396682,0.7645754215161312,0.7615127347568819,0.8112798264642083,0.8131487889273357,0.5178571428571429,0.8089053803339518,0.6797520661157025,3.815701216637492,6.215171002088571,2.6601197301959987,0.0
direct_week_ahead_missing_modality,5,week_plus_5,drop_ntl,model2,lightgbm_hierarchical,test,0.8117313150425733,0.808,0.9199341685307834,0.9152144807772459,0.7083593919470031,0.7447041683812402,0.743069921390153,0.777027027027027,0.7714285714285715,0.512396694214876,0.7837837837837838,0.6971608832807571,4.070097883093761,9.467397204643884,2.550325949817671,0.0
direct_week_ahead_missing_modality,5,week_plus_5,drop_ntl,model2,catboost_hierarchical,train,0.8737842617152962,0.9017288444040037,0.954715489660116,0.9698377296806546,0.8263659506028628,0.8530923289305142,0.8517321016166282,0.8991150442477877,0.8766086298258895,0.6743515850144092,0.8854479380628851,0.7963065558633425,1.989407087483684,2.776692920533027,1.513123475009743,0.0
direct_week_ahead_missing_modality,5,week_plus_5,drop_ntl,model2,catboost_hierarchical,valid,0.8447129909365559,0.8822768434670116,0.934569676899037,0.9546430756244054,0.7471791496297813,0.7781836277867118,0.778125,0.8060344827586207,0.8203799654576857,0.5911330049261084,0.828082808280828,0.6902654867256637,4.184622839075071,6.331325669760115,2.7831977700259136,0.0
direct_week_ahead_missing_modality,5,week_plus_5,drop_ntl,model2,catboost_hierarchical,test,0.8156638013371538,0.8387096774193549,0.9246114210043758,0.9254120859047653,0.7192924701216085,0.762307200672725,0.7614678899082569,0.7766323024054983,0.8056338028169014,0.5087719298245614,0.8112094395280236,0.6942148760330579,3.7948001687741315,9.426030696769672,2.46051411518045,0.0
direct_week_ahead_missing_modality,5,week_plus_5,drop_ntl,model2,gru_hierarchical,train,0.8385361861335204,0.8564356435643564,0.9361665594144495,0.9426508582415867,0.747883065089059,0.7930832056998764,0.7891793864288953,0.837696335078534,0.8319631700098652,0.5086206896551724,0.8326947637292464,0.728440366972477,3.5125634653050892,5.8312911015153555,2.703532614014604,0.0
direct_week_ahead_missing_modality,5,week_plus_5,drop_ntl,model2,gru_hierarchical,valid,0.8364928909952607,0.8754914809960681,0.9307276068765303,0.952334069196334,0.7323185274485895,0.764560969220449,0.7610030706243602,0.8203991130820399,0.8064516129032258,0.5497630331753555,0.8091168091168092,0.6758620689655173,6.255846027338977,9.449136534528131,4.103243766714739,0.0
direct_week_ahead_missing_modality,5,week_plus_5,drop_ntl,model2,gru_hierarchical,test,0.8130081300813008,0.8445378151260504,0.920576647699711,0.919578118447766,0.7159279301913699,0.7547972276949444,0.7502977371973005,0.8171206225680934,0.7889908256880734,0.4918032786885246,0.8065476190476191,0.675177304964539,5.417611250869106,13.563015347112831,2.9483496434306304,0.0
direct_week_ahead_missing_modality,5,week_plus_5,drop_ntl,model2,tcn_hierarchical,train,0.8509056015353245,0.8509212730318257,0.9419511022087708,0.9469454695078436,0.7496327587915854,0.7963501633115518,0.7914185897751316,0.8269230769230769,0.8370628211503398,0.5155004428697962,0.8436437797416724,0.7250336732730421,3.424111765549529,5.879531485914612,2.5525341541728093,0.0
direct_week_ahead_missing_modality,5,week_plus_5,drop_ntl,model2,tcn_hierarchical,valid,0.8221820373719108,0.8600252206809584,0.9210871659542816,0.9488123523034492,0.7273542890653839,0.7611493777867815,0.7575080665177464,0.7849686847599165,0.8,0.555984555984556,0.8080631025416302,0.6877551020408164,5.898659704296627,9.429422151455755,3.9777737142787974,0.0
direct_week_ahead_missing_modality,5,week_plus_5,drop_ntl,model2,tcn_hierarchical,test,0.8146067415730337,0.8263473053892215,0.913639465495595,0.9117932989001044,0.6834262582019575,0.7365500063535085,0.7307392996108949,0.7224080267558528,0.7882037533512064,0.44171779141104295,0.7856154910096819,0.6791862284820032,4.942381340525719,13.440287208228307,2.7686315347988244,0.0
direct_week_ahead_missing_modality,5,week_plus_5,drop_firms,model2,linear_hierarchical,train,0.8271401951112572,0.8363954505686789,0.9217907012948681,0.9292216913973885,0.7130867064543022,0.7653667556928194,0.7570288094411662,0.7782169521299956,0.817772440708496,0.47164716471647167,0.8228752978554408,0.6749216768611069,4.014462522385416,4.510474700888479,7197.208713102178,0.0
direct_week_ahead_missing_modality,5,week_plus_5,drop_firms,model2,linear_hierarchical,valid,0.8364083640836408,0.8816120906801007,0.9308473578507598,0.9526862018471842,0.7249554131518064,0.753994451970041,0.7470873786407767,0.8122448979591836,0.7958833619210978,0.5625,0.8097826086956522,0.6443661971830986,27.733065816852825,6.834745254284881,7219.681233394129,0.0
direct_week_ahead_missing_modality,5,week_plus_5,drop_firms,model2,linear_hierarchical,test,0.8212927756653993,0.8349514563106796,0.9214662789170394,0.9249138948783069,0.7001611895729543,0.7323710334169983,0.726998491704374,0.8,0.7592592592592593,0.5034965034965035,0.7776223776223776,0.660427807486631,105.25483863483097,10.364630590366419,7313.56112162059,0.0
direct_week_ahead_missing_modality,5,week_plus_5,drop_firms,model2,lightgbm_hierarchical,train,0.9467442380845826,0.9835770528683915,0.9907391978895493,0.999396681664197,0.9298905171984171,0.9314891270986536,0.9314708915346396,0.9888740542946151,0.9376141205112599,0.8787061994609164,0.9174938974776241,0.9267643142476698,1.7583386125448104,2.3662386587909694,1.267885305902914,0.0
direct_week_ahead_missing_modality,5,week_plus_5,drop_firms,model2,lightgbm_hierarchical,valid,0.8312655086848635,0.8611464968152867,0.9303207741425219,0.9460246613500848,0.7345704998507927,0.7670539203036761,0.7658549638747658,0.8008565310492506,0.8025022341376229,0.5592417061611374,0.8034515819750719,0.7068004459308808,3.774312777398861,6.561711283767062,2.6981356549180737,0.0
direct_week_ahead_missing_modality,5,week_plus_5,drop_firms,model2,lightgbm_hierarchical,test,0.8250244379276638,0.8336673346693386,0.9232952250342684,0.9108109897126906,0.7146761749915578,0.7645523272431038,0.7623590633130962,0.8268551236749117,0.799410029498525,0.42857142857142855,0.8037676609105181,0.7147766323024055,3.86842059904766,8.041675937027772,2.4980807923767445,0.0
direct_week_ahead_missing_modality,5,week_plus_5,drop_firms,model2,catboost_hierarchical,train,0.8746530002135383,0.9105041083721963,0.9609680599217478,0.9789054020587581,0.8389663439650441,0.8594136566142897,0.8571428571428571,0.9203849518810149,0.8790633184409182,0.7059874888293118,0.8882575757575758,0.8011383849163999,1.9246954304652701,2.7509072233080527,1.4237298756986525,0.0
direct_week_ahead_missing_modality,5,week_plus_5,drop_firms,model2,catboost_hierarchical,valid,0.8425430778371955,0.8835443037974684,0.9330114354213828,0.9560061502074244,0.7442925322280045,0.7752468474242501,0.7732647814910025,0.8129032258064516,0.8116710875331565,0.5781990521327014,0.8198198198198198,0.6988694758478932,3.766963897985383,7.288012193089377,2.6247895330164575,0.0
direct_week_ahead_missing_modality,5,week_plus_5,drop_firms,model2,catboost_hierarchical,test,0.8204651162790698,0.827037773359841,0.9240226677840085,0.9221522877054809,0.7128498020925136,0.7615871744651729,0.7579908675799086,0.8158844765342961,0.806966618287373,0.4444444444444444,0.8094534711964549,0.6875,3.7608413679328034,8.351423029836116,2.432150857112909,0.0
direct_week_ahead_missing_modality,5,week_plus_5,drop_firms,model2,gru_hierarchical,train,0.83810888252149,0.8498062015503876,0.9300220423704413,0.9402685992533477,0.7193671760933324,0.772569954322659,0.7583262169086251,0.787740164684355,0.8265975820379965,0.4714285714285714,0.8331515812431843,0.6779179810725552,3.590472999069912,5.993507028510298,2.8463653729392155,0.0
direct_week_ahead_missing_modality,5,week_plus_5,drop_firms,model2,gru_hierarchical,valid,0.835820895522388,0.8633461047254151,0.9249848100812912,0.9473217665227831,0.718117576045721,0.7455003046904035,0.7359006211180125,0.8198757763975155,0.7825295723384895,0.5508474576271186,0.7957610789980732,0.6415739948674081,5.839374828951482,9.408142705694775,4.317384302791079,0.0
direct_week_ahead_missing_modality,5,week_plus_5,drop_firms,model2,gru_hierarchical,test,0.826046511627907,0.8363636363636363,0.9183088935643492,0.9266783570229293,0.7162598999197332,0.7598472932760932,0.7461869378177551,0.8068965517241379,0.8214804063860668,0.4897959183673469,0.8213740458015267,0.6417525773195877,4.885000163464801,13.595391351502297,3.33826473316133,0.0
direct_week_ahead_missing_modality,5,week_plus_5,drop_firms,model2,tcn_hierarchical,train,0.8407390084190832,0.8323213451658104,0.9342242367789029,0.9386383312629111,0.7284952730242901,0.7767825518482588,0.7657300783049286,0.7864253393665158,0.8327260682345148,0.5114503816793893,0.8411502909962342,0.6707242848447961,3.062670190168872,5.926577029216289,2.6020612144169863,0.0
direct_week_ahead_missing_modality,5,week_plus_5,drop_firms,model2,tcn_hierarchical,valid,0.8375757575757575,0.8611825192802056,0.9265810951017507,0.9412854051581893,0.7138511810086341,0.7484726839701165,0.74,0.7864693446088795,0.7932862190812721,0.5363636363636364,0.8102189781021898,0.6429177268871925,5.402990127005459,9.377110941598005,4.190253641175507,0.0
direct_week_ahead_missing_modality,5,week_plus_5,drop_firms,model2,tcn_hierarchical,test,0.8266423357664233,0.83984375,0.9246169524103546,0.9281203745998108,0.7040914113270942,0.7393401311500568,0.7308124298015725,0.7878787878787878,0.7864864864864864,0.5147058823529411,0.7960618846694796,0.6353240152477764,3.418561886814708,13.040221856550508,2.973385925063303,0.0
direct_week_ahead_missing_modality,5,week_plus_5,drop_ntl_firms,model2,linear_hierarchical,train,0.826308476146364,0.8390265684304532,0.9210023858885473,0.9284744681072288,0.7135201007787791,0.7678856934656121,0.7600545030987649,0.7789010989010989,0.8150932050511125,0.459546925566343,0.8208955223880597,0.6931637519872814,4.013607343635016,4.452524820821896,7197.216515137845,0.0
direct_week_ahead_missing_modality,5,week_plus_5,drop_ntl_firms,model2,linear_hierarchical,valid,0.8362235067437379,0.8801020408163265,0.9301366434451537,0.9523312987106091,0.72219446344374,0.7535341767849365,0.7468510743393431,0.8164948453608247,0.7934312878133103,0.5425101214574899,0.8073732718894009,0.6511627906976745,29.268534836910312,6.495477868853305,7221.68118688537,0.0
direct_week_ahead_missing_modality,5,week_plus_5,drop_ntl_firms,model2,linear_hierarchical,test,0.8151093439363817,0.841897233201581,0.9195800529545253,0.9252386219480673,0.6848268756332228,0.7282649890524593,0.7209480122324159,0.8,0.7653333333333333,0.43037974683544306,0.7785613540197461,0.6498599439775911,110.50570561091284,11.038644147414061,7323.018934207389,0.0
direct_week_ahead_missing_modality,5,week_plus_5,drop_ntl_firms,model2,lightgbm_hierarchical,train,0.8761216896476253,0.9338185126222425,0.960327055721793,0.9836028162615239,0.8642229564354924,0.8789353543215402,0.8771674327583853,0.935042735042735,0.8969226172691963,0.7626666666666667,0.9049074818986323,0.8215752813002322,1.898652326812446,2.947250523715846,1.4388459848799822,0.0
direct_week_ahead_missing_modality,5,week_plus_5,drop_ntl_firms,model2,lightgbm_hierarchical,valid,0.838748495788207,0.8735332464146024,0.9322029016290871,0.9465909388087901,0.7280787373216588,0.7677191264854293,0.7671512369293547,0.8118393234672304,0.7989821882951654,0.5048543689320388,0.8043875685557587,0.7203302373581011,3.791279176545843,6.707733761844581,2.7554158022274975,0.0
direct_week_ahead_missing_modality,5,week_plus_5,drop_ntl_firms,model2,lightgbm_hierarchical,test,0.8243243243243243,0.8206185567010309,0.9195595095024537,0.9147996247986243,0.7015349658230313,0.7498922642238479,0.7501039501039501,0.7943262411347518,0.7747252747252747,0.43103448275862066,0.7839046199701938,0.7236842105263158,3.763768238696557,6.672491400074691,2.528314585221426,0.0
direct_week_ahead_missing_modality,5,week_plus_5,drop_ntl_firms,model2,catboost_hierarchical,train,0.8714172425512632,0.8886438809261301,0.950809894305973,0.966443964296179,0.8145945926793168,0.844019537185711,0.8431809736157563,0.8860536735591729,0.8721509433962265,0.6536964980544747,0.8778337531486146,0.7832380952380953,2.0222528432172093,3.135730929757225,1.5459203478896104,0.0
direct_week_ahead_missing_modality,5,week_plus_5,drop_ntl_firms,model2,catboost_hierarchical,valid,0.843358395989975,0.8874841972187105,0.936047862240732,0.9541371824968349,0.7510371120792615,0.782026160945968,0.7821082919173424,0.8034557235421166,0.8258620689655173,0.5971563981042654,0.824165915238954,0.7045454545454546,3.6986508756986987,6.1942859629794595,2.5497173546931746,0.0
direct_week_ahead_missing_modality,5,week_plus_5,drop_ntl_firms,model2,catboost_hierarchical,test,0.8205128205128205,0.8282828282828283,0.9238346557523691,0.9255563137996924,0.7155840126256572,0.7653810058761804,0.7641308967275818,0.781021897810219,0.8050847457627118,0.46774193548387094,0.8177777777777778,0.7062937062937062,3.6725019111163437,8.496555232452245,2.357061984003622,0.0
direct_week_ahead_missing_modality,5,week_plus_5,drop_ntl_firms,model2,gru_hierarchical,train,0.8368221324519525,0.8218430034129692,0.9306361332197769,0.9266441431634294,0.6797315056600948,0.7440020456561545,0.7361728572111478,0.6569288389513108,0.8070346849047386,0.45243619489559167,0.8064215045734553,0.6758363049753778,5.412151777248396,7.021332493473018,3.590455020121678,0.0
direct_week_ahead_missing_modality,5,week_plus_5,drop_ntl_firms,model2,gru_hierarchical,valid,0.8399746995572422,0.8762135922330098,0.9346345278285032,0.9498540775490415,0.6998952510502752,0.7382664135112337,0.732654051431344,0.745945945945946,0.7912087912087912,0.5221674876847291,0.7946513849092646,0.6455026455026455,7.891699664080314,10.589307781583365,4.631864830631496,0.0
direct_week_ahead_missing_modality,5,week_plus_5,drop_ntl_firms,model2,gru_hierarchical,test,0.8270531400966183,0.82421875,0.9254180720971645,0.9159172492636638,0.6817979705859203,0.7273336644249596,0.7213491759294749,0.7289156626506024,0.7798408488063661,0.47540983606557374,0.7958579881656804,0.6289655172413793,6.86599526977922,14.862235062361716,3.4212437461123204,0.0
direct_week_ahead_missing_modality,5,week_plus_5,drop_ntl_firms,model2,tcn_hierarchical,train,0.8384806531771388,0.8455284552845529,0.9320050608852307,0.9370607028678094,0.7229305269346129,0.772745787072078,0.7650727650727651,0.7814569536423841,0.8193771626297578,0.4939195509822264,0.8314326443335709,0.6884663230851253,3.4674021634499717,6.245352698259664,2.811069740478872,0.0
direct_week_ahead_missing_modality,5,week_plus_5,drop_ntl_firms,model2,tcn_hierarchical,valid,0.8426763110307414,0.8766066838046273,0.9309550348971969,0.9522937854614102,0.7267962056278905,0.753129332706054,0.7465857359635811,0.7975708502024291,0.7945205479452054,0.5857740585774058,0.8026315789473685,0.6534839924670434,5.511794263991776,9.712620653484215,3.991852007242515,0.0
direct_week_ahead_missing_modality,5,week_plus_5,drop_ntl_firms,model2,tcn_hierarchical,test,0.8142589118198874,0.8606060606060606,0.922419570686289,0.9315258855396401,0.7110576729820094,0.7454676314645355,0.7381426863292149,0.7902097902097902,0.7965860597439545,0.527027027027027,0.7911764705882353,0.6502890173410405,3.812835605135405,13.603796437189617,2.8993248724088234,0.0
direct_week_ahead_missing_modality,5,week_plus_5,drop_unosat,model2,linear_hierarchical,train,0.8258531767804236,0.8313674093490607,0.9215891968919752,0.9272757477959402,0.7147613125994013,0.7670601726626756,0.7622333751568381,0.785816962146622,0.8133192707548591,0.465979381443299,0.8217743215362641,0.6869166271159627,3.9753893726742935,7199.3476250977355,7197.208037162604,0.0
direct_week_ahead_missing_modality,5,week_plus_5,drop_unosat,model2,linear_hierarchical,valid,0.8408812729498164,0.8883248730964467,0.9291324327614634,0.9535733629166004,0.7172030421745552,0.7500334026241828,0.7445291369559872,0.7947598253275109,0.7996632996632996,0.5462555066079295,0.8085485307212823,0.6367880485527544,24.509815239105233,6649.734989220635,7216.23374850236,0.0
direct_week_ahead_missing_modality,5,week_plus_5,drop_unosat,model2,linear_hierarchical,test,0.8188679245283019,0.8269230769230769,0.9182520450436243,0.9257885927314752,0.691160165323631,0.7208529524199446,0.7159740754860846,0.7865168539325843,0.7496757457846952,0.5109489051094891,0.7696551724137931,0.6390041493775933,99.71020926496021,7214.511390267299,7301.374454990437,0.0
direct_week_ahead_missing_modality,5,week_plus_5,drop_unosat,model2,lightgbm_hierarchical,train,0.9374865272688079,0.9897843359818388,0.9924565323289452,0.9994951031315469,0.9284124304805772,0.9491093018117421,0.9473494247687796,0.9933005806163466,0.9630059480632526,0.7961007311129163,0.9503612943763745,0.9392935982339956,1.7286806514259192,2.061740933341693,1.1927893510552847,0.0
direct_week_ahead_missing_modality,5,week_plus_5,drop_unosat,model2,lightgbm_hierarchical,valid,0.8288928359976317,0.8571428571428571,0.9271033652937662,0.9453271246943923,0.7227629589925374,0.7630923926626714,0.7614494212380473,0.8,0.8016194331983806,0.5062240663900415,0.8087035358114234,0.6972677595628415,3.811952700829192,6.551974717758523,2.6734131992513084,0.0
direct_week_ahead_missing_modality,5,week_plus_5,drop_unosat,model2,lightgbm_hierarchical,test,0.8207985143918292,0.8254620123203286,0.9230901023068585,0.912939635761542,0.6949833447075505,0.7417968266718166,0.7375657096643753,0.7986348122866894,0.7620320855614974,0.42953020134228187,0.8005952380952381,0.6841243862520459,4.226089496452198,8.650451747728813,2.6106037431173785,0.0
direct_week_ahead_missing_modality,5,week_plus_5,drop_unosat,model2,catboost_hierarchical,train,0.8753492370513647,0.8973695558430358,0.9605396142054923,0.9786335952244736,0.8394656490318605,0.8618851576247759,0.8588625017496384,0.9308005427408412,0.8822712544360438,0.6883645240032547,0.8818048062775871,0.8140871177015755,1.8853662383856675,2.6237532713264042,1.4239853705731769,0.0
direct_week_ahead_missing_modality,5,week_plus_5,drop_unosat,model2,catboost_hierarchical,valid,0.8471563981042654,0.8763769889840881,0.9327962379684582,0.9509519913726687,0.7468939162386139,0.777689794797226,0.7757988475641697,0.8235294117647058,0.8143607705779334,0.5752212389380531,0.8181818181818182,0.7031763417305587,3.910973503389473,7.074891499147851,2.6901512017433467,0.0
direct_week_ahead_missing_modality,5,week_plus_5,drop_unosat,model2,catboost_hierarchical,test,0.8174235403151066,0.81640625,0.924243851078835,0.9259624661200432,0.7097289660465812,0.7566862609781116,0.7511501463822668,0.8014184397163121,0.8028985507246377,0.460431654676259,0.8140243902439024,0.6698717948717948,4.124238983622238,10.154237228489515,2.5185928831152866,0.0
direct_week_ahead_missing_modality,5,week_plus_5,drop_unosat,model2,gru_hierarchical,train,0.8560941652955322,0.8245537657814541,0.9446157147685916,0.9525303275220236,0.7367722248758806,0.7968237841335863,0.7819151360466706,0.816086760054225,0.8381340012523482,0.44271412680756395,0.8442503639010189,0.742675872364247,3.0052027242627384,5.629935729088989,2.2895335955852727,0.0
direct_week_ahead_missing_modality,5,week_plus_5,drop_unosat,model2,gru_hierarchical,valid,0.8357050452781372,0.8528678304239401,0.9228199609600627,0.940149905947017,0.7277219079935462,0.7657152196876644,0.7599523241954708,0.8051391862955032,0.8042071197411004,0.5206349206349207,0.8056478405315615,0.7029804727646455,5.855225249008839,9.11588178759297,3.9260478340182496,0.0
direct_week_ahead_missing_modality,5,week_plus_5,drop_unosat,model2,gru_hierarchical,test,0.8214971209213052,0.8160919540229885,0.9135008698895909,0.9170198726961526,0.6798177516069958,0.7271358291525559,0.7186727850335334,0.7421383647798742,0.7720588235294118,0.44549763033175355,0.7727272727272727,0.6666666666666666,4.700661792807414,13.337855172343152,2.8478297205139773,0.0
direct_week_ahead_missing_modality,5,week_plus_5,drop_unosat,model2,tcn_hierarchical,train,0.8590393434709148,0.8251295336787565,0.9472881975667279,0.952560291871676,0.7489886580849532,0.7977379374465156,0.7902185424087802,0.7987505577867023,0.8413839211098111,0.5278688524590164,0.8489457310750086,0.727994227994228,3.4258579625772425,5.980440094542273,2.4732925389356644,0.0
direct_week_ahead_missing_modality,5,week_plus_5,drop_unosat,model2,tcn_hierarchical,valid,0.83375,0.8492822966507177,0.9209571285497892,0.93109864021713,0.7189854169532117,0.7542042912107649,0.7503124218945264,0.7651821862348178,0.7863397548161121,0.544,0.7978241160471442,0.7015810276679841,6.242543781452953,9.749090863873068,3.9586456837127892,0.0
direct_week_ahead_missing_modality,5,week_plus_5,drop_unosat,model2,tcn_hierarchical,test,0.8348170128585559,0.8138195777351248,0.9180145693729131,0.9136242402424105,0.7012860919785193,0.744041470685467,0.7390612569610183,0.7667731629392971,0.7870239774330042,0.48322147651006714,0.7824817518248175,0.6869300911854104,5.351889089883952,13.731692065268765,2.72666920715912,0.0
